Domain,Channel
01-flash-web-templates.com,Creative Weblogging
79tt.com,Creative Weblogging
abc-earlychildhood.com,Creative Weblogging
adbannerdesign.com,Creative Weblogging
agustin-otegui.com,Creative Weblogging
appbeta.com,Creative Weblogging
attributesgifts.com,Creative Weblogging
avatarcorner.com,Creative Weblogging
babycare-direct.co.uk,Creative Weblogging
bauer-car-rental-europe.com,Creative Weblogging
beemen.com,Creative Weblogging
bonniermusic.net,Creative Weblogging
browsio.com,Creative Weblogging
cellphoneplus.co.uk,Creative Weblogging
cio-weblog.com,Creative Weblogging
clever-camper.com,Creative Weblogging
comete-intl.org,Creative Weblogging
coolpicking.com,Creative Weblogging
cso-bgro.net,Creative Weblogging
digitaltv-weblog.com,Creative Weblogging
dymax-usa.com,Creative Weblogging
elkmont-gmpa-ea.com,Creative Weblogging
flyaway-weblog.com,Creative Weblogging
furlotte.net,Creative Weblogging
gadgets-weblog.com,Creative Weblogging
gadgets-weblog.com,Creative Weblogging
gf-partnership.co.uk,Creative Weblogging
giftedonlineshop.co.uk,Creative Weblogging
ginamoheb.com,Creative Weblogging
granazulmagazine.com,Creative Weblogging
hidden-travel-gems.com,Creative Weblogging
holidayatulladulla.com.au,Creative Weblogging
icictsa.com,Creative Weblogging
igotspam.com,Creative Weblogging
ipodnetworks.com,Creative Weblogging
ipodnetworks.com,Creative Weblogging
i-scream.net,Creative Weblogging
isolditonline.co.uk,Creative Weblogging
keljeu.com,Creative Weblogging
kemira-agro.com,Creative Weblogging
lilleluca.com.au,Creative Weblogging
m2cross.com,Creative Weblogging
mackinacconference.com,Creative Weblogging
mackinacconference.com,Creative Weblogging
miamoon.ca,Creative Weblogging
mitsuboshi-web.com,Creative Weblogging
mobilephone-sites.co.uk,Creative Weblogging
mobile-weblog.com,Creative Weblogging
nahuelsat.com,Creative Weblogging
nanotechbuzz.com,Creative Weblogging
nextninemonths.com,Creative Weblogging
parenting-weblog.com,Creative Weblogging
pierwalk.org,Creative Weblogging
revealkingscross.org.uk,Creative Weblogging
searchengine-weblog.com,Creative Weblogging
shinforma.com,Creative Weblogging
shopneo.co.uk,Creative Weblogging
smashshop.cz,Creative Weblogging
socialnetworking-weblog.com,Creative Weblogging
starline.hk,Creative Weblogging
tech-intelligence.com,Creative Weblogging
telfordmedia.co.uk,Creative Weblogging
thesmartpda.com,Creative Weblogging
tomboy-films.co.uk,Creative Weblogging
tropic-location.com,Creative Weblogging
ukagentsonline.co.uk,Creative Weblogging
voip-weblog.com,Creative Weblogging
voip-weblog.com,Creative Weblogging
vorwerk-stengel.com,Creative Weblogging
wappblog.com,Creative Weblogging
web2weblog.com,Creative Weblogging
wiredhome-weblog.com,Creative Weblogging
wireless-weblog.com,Creative Weblogging
,
,
,
,
,
,
,
,
,
,
,
,
,
,
,
,
,
,
,
,
,
,
,
,
,
,
,
,
,
,
,
,
,
,
,
,
,
,
,
,
,
,
,
,
,
