Domain,Channel,Category
in-women.com,Creative Weblogging,Lifestyle & Relationships
sentibronze.com,Creative Weblogging,Lifestyle & Relationships
beritdesigns.com,Creative Weblogging,Lifestyle & Relationships
atrend.com.tw,Creative Weblogging,Lifestyle & Relationships
dojodesign.ro,Creative Weblogging,Lifestyle & Relationships
qmagazin.cz,Creative Weblogging,Lifestyle & Relationships
coolheadclan.hu,Creative Weblogging,Lifestyle & Relationships
joachimkuehn.com,Creative Weblogging,Lifestyle & Relationships
crystalshare.com,Creative Weblogging,Lifestyle & Relationships
greenpeppermagazine.org,Creative Weblogging,Lifestyle & Relationships
oohbitey.com,Creative Weblogging,Lifestyle & Relationships
hortobagyikht.hu,Creative Weblogging,Lifestyle & Relationships
ysolda.me.uk,Creative Weblogging,Lifestyle & Relationships
cosmeticssettlement.com,Creative Weblogging,Lifestyle & Relationships
bonniehearnhill.com,Creative Weblogging,Lifestyle & Relationships
econaturalsolutions.com,Creative Weblogging,Lifestyle & Relationships
mohairmusic.com,Creative Weblogging,Lifestyle & Relationships
lovebox.org.uk,Creative Weblogging,Lifestyle & Relationships
pwstudio.co.uk,Creative Weblogging,Lifestyle & Relationships
xocolatl.co.nz,Creative Weblogging,Lifestyle & Relationships
oanz.org.nz,Creative Weblogging,Lifestyle & Relationships
theevelyn.com.au,Creative Weblogging,Lifestyle & Relationships
taylorstudio.com.au,Creative Weblogging,Lifestyle & Relationships
elosboa.co.uk,Creative Weblogging,Lifestyle & Relationships
friendlyfreebiesnmore.com,Creative Weblogging,Lifestyle & Relationships
highlandersoftware.com,Creative Weblogging,Lifestyle & Relationships
lansleuth.com,Creative Weblogging,Lifestyle & Relationships
al-islamguide.net,Creative Weblogging,Lifestyle & Relationships
aladdinsfuture.com,Creative Weblogging,Lifestyle & Relationships
alefransafari.com,Creative Weblogging,Lifestyle & Relationships
azdirector.info,Creative Weblogging,Lifestyle & Relationships
endgame.org.uk,Creative Weblogging,Lifestyle & Relationships
theplatinumcollection.co.uk,Creative Weblogging,Lifestyle & Relationships
inet-one.com,Creative Weblogging,Lifestyle & Relationships
eagle-birdie-par.com,Creative Weblogging,Lifestyle & Relationships
tarsom.com,Creative Weblogging,Lifestyle & Relationships
astralannuaire.com,Creative Weblogging,Lifestyle & Relationships
cameronroad.net,Creative Weblogging,Lifestyle & Relationships
changefolder.com,Creative Weblogging,Lifestyle & Relationships
groupeexpertis.ca,Creative Weblogging,Lifestyle & Relationships
intlink.ca,Creative Weblogging,Lifestyle & Relationships
dancingant.com,Creative Weblogging,Lifestyle & Relationships
folksemantic.org,Creative Weblogging,Lifestyle & Relationships
newmillenniumtech.com,Creative Weblogging,Lifestyle & Relationships
reality-syndicate.com,Creative Weblogging,Lifestyle & Relationships
letstalktrains.us,Creative Weblogging,Lifestyle & Relationships
militaru.net,Creative Weblogging,Lifestyle & Relationships
midsouthhbot.com,Creative Weblogging,Lifestyle & Relationships
pixiestikz.com,Creative Weblogging,Lifestyle & Relationships
phishpics.net,Creative Weblogging,Lifestyle & Relationships
spleendeparis.com,Creative Weblogging,Lifestyle & Relationships
soundofmusic.org,Creative Weblogging,Lifestyle & Relationships
sampled.org,Creative Weblogging,Lifestyle & Relationships
vietnamopentourism.com,Creative Weblogging,Lifestyle & Relationships
vdnfrance.com,Creative Weblogging,Lifestyle & Relationships
vnuks.com,Creative Weblogging,Lifestyle & Relationships
ubiubi.mobi,Creative Weblogging,Lifestyle & Relationships
teliko.mobi,Creative Weblogging,Lifestyle & Relationships
outsourcing-weblog.com,Creative Weblogging,Business
bizinformer.com,Creative Weblogging,Business
soxfirst.com,Creative Weblogging,Business
audeamus.com,Creative Weblogging,Business
ifenergy.com,Creative Weblogging,Business
bootstrapme.com,Creative Weblogging,Business
smallbizunplugged.com,Creative Weblogging,Business
bizplanhacks.com,Creative Weblogging,Business
satcomexchange.com,Creative Weblogging,Business
creative-reporter.com,Creative Weblogging,Business
cmpreprints.com,Creative Weblogging,Business
minkmedia.com,Creative Weblogging,Business
hkdcug.com,Creative Weblogging,Business
kemira-agro.com,Creative Weblogging,Business
e-zia.com,Creative Weblogging,Business
creamentas.com,Creative Weblogging,Business
iiitdm.in,Creative Weblogging,Business
qdi.com.tw,Creative Weblogging,Business
ilyasalkindcompany.com,Creative Weblogging,Business
digitalcinema-europe.com,Creative Weblogging,Business
iradeon.com,Creative Weblogging,Business
industrialwhoswho.com,Creative Weblogging,Business
wilshirepr.com,Creative Weblogging,Business
institut-du-referencement.com,Creative Weblogging,Business
pixartisan.com,Creative Weblogging,Business
autoban-delaespada.com,Creative Weblogging,Business
newtown.ca,Creative Weblogging,Business
zit.lv,Creative Weblogging,Business
merco-sur.net,Creative Weblogging,Business
webxel-dw.co.uk,Creative Weblogging,Business
bellglobemedia.com,Creative Weblogging,Business
courseforge.org,Creative Weblogging,Business
middone.co.uk,Creative Weblogging,Business
musicinireby.co.uk,Creative Weblogging,Business
complywise.co.uk,Creative Weblogging,Business
wasteels.cz,Creative Weblogging,Business
bumportal.net,Creative Weblogging,Business
classicaldrives.com,Creative Weblogging,Automotive
pneumoworld.org,Creative Weblogging,Automotive
bleepblog.com,Creative Weblogging,Automotive
4driversonly.com,Creative Weblogging,Automotive
dating-weblog.com,Creative Weblogging,Computers
socialnetworking-weblog.com,Creative Weblogging,Computers
searchengine-weblog.com,Creative Weblogging,Computers
p2p-weblog.com,Creative Weblogging,Computers
igotspam.com,Creative Weblogging,Computers
web2weblog.com,Creative Weblogging,Computers
geekervision.com,Creative Weblogging,Computers
jjyf.com,Creative Weblogging,Computers
socialgeek.be,Creative Weblogging,Computers
01-flash-web-templates.com,Creative Weblogging,Computers
evance.name,Creative Weblogging,Computers
rkblogs.net,Creative Weblogging,Computers
pedroreina.org,Creative Weblogging,Computers
rtweeter.com,Creative Weblogging,Computers
eyepavilion.org,Creative Weblogging,Other
emilycarr-university.ca,Creative Weblogging,Other
chessforkids.ca,Creative Weblogging,Other
trabajobasura.com,Creative Weblogging,Other
channelminds.com,Creative Weblogging,Other
gadgets-weblog.com,Creative Weblogging,Electronics/Engineering
digitaltv-weblog.com,Creative Weblogging,Electronics/Engineering
digital-shot.com,Creative Weblogging,Electronics/Engineering
digitalmusicfuture.com,Creative Weblogging,Electronics/Engineering
thecuezone.com,Creative Weblogging,Electronics/Engineering
chezdigitale.com,Creative Weblogging,Electronics/Engineering
unipuneintcent.in,Creative Weblogging,Electronics/Engineering
eazeenet.in,Creative Weblogging,Electronics/Engineering
keljeu.com,Creative Weblogging,Electronics/Engineering
marsattacksfan.com,Creative Weblogging,Electronics/Engineering
cestdanslavallee.com,Creative Weblogging,Electronics/Engineering
ipodnetworks.com,Creative Weblogging,Electronics/Engineering
remotemediazone.co.nz,Creative Weblogging,Electronics/Engineering
objectifcinema.com,Creative Weblogging,Arts & Entertainment
tarnishedangel.com,Creative Weblogging,Arts & Entertainment
highvibes.com.au,Creative Weblogging,Arts & Entertainment
kinzblog.com,Creative Weblogging,Home and Garden
themicrozoo.com,Creative Weblogging,Home and Garden
ltwonline.org,Creative Weblogging,Home and Garden
birdpages.co.uk,Creative Weblogging,Home and Garden
cementhaichemicals.com,Creative Weblogging,Home and Garden
angedefeu.com,Creative Weblogging,Home and Garden
dramairok.hu,Creative Weblogging,Home and Garden
kling.us,Creative Weblogging,Home and Garden
larrysface.com,Creative Weblogging,Home and Garden
chickencookingcontest.com,Creative Weblogging,Home and Garden
agroinst.sk,Creative Weblogging,Home and Garden
boslivesaloon.com.au,Creative Weblogging,Home and Garden
carcino.gen.nz,Creative Weblogging,Home and Garden
kanakaroses.com,Creative Weblogging,Home and Garden
morrigans-pit.org,Creative Weblogging,Home and Garden
tempestrecordings.com.au,Creative Weblogging,Home and Garden
yanzi.com.tw,Creative Weblogging,Home and Garden
masaze-jj.cz,Creative Weblogging,Home and Garden
watchwizard.co.uk,Creative Weblogging,Home and Garden
adadvance.com.au,Creative Weblogging,Home and Garden
richardjules.com.au,Creative Weblogging,Home and Garden
nuglasses.co.uk,Creative Weblogging,Home and Garden
brittania-buildingservices.co.uk,Creative Weblogging,Home and Garden
moparsunlimitedofaz.com,Creative Weblogging,Home and Garden
laftemann.com,Creative Weblogging,Home and Garden
upn30memphis.com,Creative Weblogging,Home and Garden
shccedmond.org,Creative Weblogging,Home and Garden
indiagrill.ca,Creative Weblogging,Home and Garden
bistrohermitage.com,Creative Weblogging,Home and Garden
apple-egg.co.uk,Creative Weblogging,Home and Garden
houseofnintendo.com,Creative Weblogging,Hobbies & Games
keepyourpokerface.com,Creative Weblogging,Hobbies & Games
mmcs.us,Creative Weblogging,Hobbies & Games
wellwomanblog.com,Creative Weblogging,Health and Fitness
dailypowerwalk.com,Creative Weblogging,Health and Fitness
definedcare.com,Creative Weblogging,Health and Fitness
chinaliqinghai.com,Creative Weblogging,Health and Fitness
centenaire-mdf.com,Creative Weblogging,Health and Fitness
womenshealthblog.org,Creative Weblogging,Health and Fitness
parenting-weblog.com,Creative Weblogging,Health and Fitness
nextninemonths.com,Creative Weblogging,Health and Fitness
ginamoheb.com,Creative Weblogging,Health and Fitness
babycare-direct.co.uk,Creative Weblogging,Health and Fitness
agustin-otegui.com,Creative Weblogging,Health and Fitness
furlotte.net,Creative Weblogging,Health and Fitness
comete-intl.org,Creative Weblogging,Health and Fitness
mitsuboshi-web.com,Creative Weblogging,Health and Fitness
adbannerdesign.com,Creative Weblogging,Health and Fitness
techwear-weblog.com,Creative Weblogging,Other
coolpicking.com,Creative Weblogging,Other
attributesgifts.com,Creative Weblogging,Other
mackinacconference.com,Creative Weblogging,Other
clever-camper.com,Creative Weblogging,Other
byblosdisco.com,Creative Weblogging,Other
clubfianchetto.net,Creative Weblogging,Other
tudotgvn.org,Creative Weblogging,Other
telfordmedia.co.uk,Creative Weblogging,Other
starline.hk,Creative Weblogging,Other
kabaddiinternational.org,Creative Weblogging,Other
icictsa.com,Creative Weblogging,Other
pardusdepo.com,Creative Weblogging,Other
ajaxdevelopersjournal.com,Creative Weblogging,Other
partyland.hu,Creative Weblogging,Other
steviedisco.co.uk,Creative Weblogging,Other
tomboy-films.co.uk,Creative Weblogging,Other
holidayatulladulla.com.au,Creative Weblogging,Other
beemen.com,Creative Weblogging,Other
messianicecards.com,Creative Weblogging,Other
granazulmagazine.com,Creative Weblogging,Other
gf-partnership.co.uk,Creative Weblogging,Other
revealkingscross.org.uk,Creative Weblogging,Other
smashshop.cz,Creative Weblogging,Other
austinforchange.com,Creative Weblogging,Other
correlate.us,Creative Weblogging,Other
johnstonkarate.net,Creative Weblogging,Other
ossinissa.com,Creative Weblogging,Other
un-ordinary.net,Creative Weblogging,Other
willifordblog.com,Creative Weblogging,Other
yesilermenekgazetesi.com,Creative Weblogging,Other
3director.info,Creative Weblogging,Other
yomiuri-you.com,Creative Weblogging,Other
flashmusicstudio.com,Creative Weblogging,Other
hedgefunds-weblog.com,Creative Weblogging,Business
finance-weblog.com,Creative Weblogging,Business
lankarkiv.net,Creative Weblogging,Business
irishcomputer.com,Creative Weblogging,Business
genacek.cz,Creative Weblogging,Business
seekport.co.uk,Creative Weblogging,Business
integral-inquiry.com,Creative Weblogging,Business
ijssculptuur.com,Creative Weblogging,Business
skop.li,Creative Weblogging,Business
boelter-yates.com,Creative Weblogging,Business
basaronal.com,Creative Weblogging,Business
phaedo.cx,Creative Weblogging,Business
nefertiti-egypt.co.uk,Creative Weblogging,Business
dvorak-rentacar.cz,Creative Weblogging,Business
fratellimuratori.com,Creative Weblogging,Business
uk-mortgage-quote.co.uk,Creative Weblogging,Business
inkernet.co.uk,Creative Weblogging,Business
agbnielsen.co.uk,Creative Weblogging,Business
soccer-weblog.com,Creative Weblogging,Sports and Recreation
ploomba.eu,Creative Weblogging,Sports and Recreation
cio-weblog.com,Creative Weblogging,Electronics/Engineering
voip-weblog.com,Creative Weblogging,Electronics/Engineering
java-entrepreneur.com,Creative Weblogging,Electronics/Engineering
nanotechbuzz.com,Creative Weblogging,Electronics/Engineering
hackitlinux.com,Creative Weblogging,Electronics/Engineering
m2cross.com,Creative Weblogging,Electronics/Engineering
appbeta.com,Creative Weblogging,Electronics/Engineering
wappblog.com,Creative Weblogging,Electronics/Engineering
cybermecha.com,Creative Weblogging,Electronics/Engineering
indemusicshop.com,Creative Weblogging,Electronics/Engineering
mediareform.ca,Creative Weblogging,Electronics/Engineering
tech-dreams.com,Creative Weblogging,Electronics/Engineering
beaconseil.com,Creative Weblogging,Electronics/Engineering
biotissue-tec.com,Creative Weblogging,Electronics/Engineering
flyaway-weblog.com,Creative Weblogging,Travel
wandalust.com,Creative Weblogging,Travel
latinaviva.com,Creative Weblogging,Travel
hidden-travel-gems.com,Creative Weblogging,Travel
mrcrodcases.com,Creative Weblogging,Travel
browsio.com,Creative Weblogging,Travel
pierwalk.org,Creative Weblogging,Travel
cotterkimbrough.com,Creative Weblogging,Travel
braintrustdv.com,Creative Weblogging,Travel
ehop.info,Creative Weblogging,Travel
cso-bgro.net,Creative Weblogging,Travel
elkmont-gmpa-ea.com,Creative Weblogging,Travel
bauer-car-rental-europe.com,Creative Weblogging,Travel
jumpnjive.co.uk,Creative Weblogging,Travel
awahurilodge.co.nz,Creative Weblogging,Travel
lesauvageon.org,Creative Weblogging,Travel
flexiblemxml.com,Creative Weblogging,Travel
deemo.com.pt,Creative Weblogging,Travel
leucaturismo.org,Creative Weblogging,Travel
isitaleapyear.com,Creative Weblogging,Travel
galaxymage.org,Creative Weblogging,Travel
frxsoft.com,Creative Weblogging,Travel
kiwipulse.co.nz,Creative Weblogging,Travel
royalhouseofstewart.org.uk,Creative Weblogging,Travel
luxorhotelrome.com,Creative Weblogging,Travel
rta-ride.org,Creative Weblogging,Travel
brundah.com.au,Creative Weblogging,Travel
gnosis-usa.com,Creative Weblogging,Travel
hitgreece.com,Creative Weblogging,Travel
nzalpine.org.nz,Creative Weblogging,Travel
oregoncoastvacation.info,Creative Weblogging,Travel
mannaicorp.com,Creative Weblogging,Travel
aussiemilliondollarhomepage.com.au,Creative Weblogging,Travel
mobile-weblog.com,Creative Weblogging,Electronics/Engineering
wireless-weblog.com,Creative Weblogging,Electronics/Engineering
wiredhome-weblog.com,Creative Weblogging,Electronics/Engineering
thesmartpda.com,Creative Weblogging,Electronics/Engineering
techwithoutwires.com,Creative Weblogging,Electronics/Engineering
peakperformance1.com,Creative Weblogging,Electronics/Engineering
westecservices.com,Creative Weblogging,Electronics/Engineering
79tt.com,Creative Weblogging,Electronics/Engineering
vorwerk-stengel.com,Creative Weblogging,Electronics/Engineering
ifreebusy.com,Creative Weblogging,Electronics/Engineering
cccfsc.org,Creative Weblogging,Electronics/Engineering
cartmel-steeplechases.co.uk,Creative Weblogging,Electronics/Engineering
luma-electronic.cz,Creative Weblogging,Electronics/Engineering
netcd.co.nz,Creative Weblogging,Electronics/Engineering
