Domain,Technorati Category,CS Category,Site Type,Outreach Type,Status,Contact Email
railtourismindia.com,Travel,Travel,Alexa,Guest Blogging,Internal Upload,
tourismthailand.org,Travel,Travel,Alexa,Guest Blogging,Internal Upload,
keralatourism.org,Travel,Travel,Alexa,Guest Blogging,Internal Upload,
tourism.net.nz,Travel,Travel,Alexa,Guest Blogging,Internal Upload,
tourismguide.ro,Travel,Travel,Alexa,Guest Blogging,Internal Upload,
tourism.gov.my,Travel,Travel,Alexa,Guest Blogging,Internal Upload,
tourisminsouthindia.com,Travel,Travel,Alexa,Guest Blogging,Internal Upload,
tourism-of-india.com,Travel,Travel,Alexa,Guest Blogging,Internal Upload,
maharashtratourism.gov.in,Travel,Travel,Alexa,Guest Blogging,Internal Upload,
traveltourismdirectory.net,Travel,Travel,Alexa,Guest Blogging,Internal Upload,
antilles-info-tourisme.com,Travel,Travel,Alexa,Guest Blogging,Internal Upload,
tourisme-montreal.org,Travel,Travel,Alexa,Guest Blogging,Internal Upload,
tourisme.fr,Travel,Travel,Alexa,Guest Blogging,Internal Upload,
bransontourismcenter.com,Travel,Travel,Alexa,Guest Blogging,Internal Upload,
wyomingtourism.org,Travel,Travel,Alexa,Guest Blogging,Internal Upload,
tourismvancouver.com,Travel,Travel,Alexa,Guest Blogging,Internal Upload,
kentuckytourism.com,Travel,Travel,Alexa,Guest Blogging,Internal Upload,
italiantourism.com,Travel,Travel,Alexa,Guest Blogging,Internal Upload,
sasktourism.com,Travel,Travel,Alexa,Guest Blogging,Internal Upload,
tahiti-tourisme.com,Travel,Travel,Alexa,Guest Blogging,Internal Upload,
tourismpei.com,Travel,Travel,Alexa,Guest Blogging,Internal Upload,
tourismirelandemail.com,Travel,Travel,Alexa,Guest Blogging,Internal Upload,
lasvegastourism.com,Travel,Travel,Alexa,Guest Blogging,Internal Upload,
germany-tourism.de,Travel,Travel,Alexa,Guest Blogging,Internal Upload,
bermudatourism.com,Travel,Travel,Alexa,Guest Blogging,Internal Upload,
travelocity.com,Travel,Travel,Alexa,Guest Blogging,Internal Upload,
travelzoo.com,Travel,Travel,Alexa,Guest Blogging,Internal Upload,
travelpod.com,Travel,Travel,Alexa,Guest Blogging,Internal Upload,
e-travel.com,Travel,Travel,Alexa,Guest Blogging,Internal Upload,
wikitravel.org,Travel,Travel,Alexa,Guest Blogging,Internal Upload,
4travel.jp,Travel,Travel,Alexa,Guest Blogging,Internal Upload,
travelblog.org,Travel,Travel,Alexa,Guest Blogging,Internal Upload,
traveltainment.de,Travel,Travel,Alexa,Guest Blogging,Internal Upload,
travelpn.com,Travel,Travel,Alexa,Guest Blogging,Internal Upload,
travelchannel.com,Travel,Travel,Alexa,Guest Blogging,Internal Upload,
onetravel.com,Travel,Travel,Alexa,Guest Blogging,Internal Upload,
travel.ru,Travel,Travel,Alexa,Guest Blogging,Internal Upload,
logitravel.com,Travel,Travel,Alexa,Guest Blogging,Internal Upload,
travelsky.com,Travel,Travel,Alexa,Guest Blogging,Internal Upload,
travelocity.co.in,Travel,Travel,Alexa,Guest Blogging,Internal Upload,
worldtravelguide.net,Travel,Travel,Alexa,Guest Blogging,Internal Upload,
travelandleisure.com,Travel,Travel,Alexa,Guest Blogging,Internal Upload,
rurubu.travel,Travel,Travel,Alexa,Guest Blogging,Internal Upload,
travellerspoint.com,Travel,Travel,Alexa,Guest Blogging,Internal Upload,
travelchinaguide.com,Travel,Travel,Alexa,Guest Blogging,Internal Upload,
travelsupermarket.com,Travel,Travel,Alexa,Guest Blogging,Internal Upload,
hankyu-travel.com,Travel,Travel,Alexa,Guest Blogging,Internal Upload,
travel.co.jp,Travel,Travel,Alexa,Guest Blogging,Internal Upload,
nevatravel.ru,Travel,Travel,Alexa,Guest Blogging,Internal Upload,
smartertravel.com,Travel,Travel,Alexa,Guest Blogging,Internal Upload,
travelodge.co.uk,Travel,Travel,Alexa,Guest Blogging,Internal Upload,
travelaoe.com,Travel,Travel,Alexa,Guest Blogging,Internal Upload,
travel-ticker.com,Travel,Travel,Alexa,Guest Blogging,Internal Upload,
travelandcamp.com,Travel,Travel,Alexa,Guest Blogging,Internal Upload,
travelguru.com,Travel,Travel,Alexa,Guest Blogging,Internal Upload,
travelblogexchange.com,Travel,Travel,Alexa,Guest Blogging,Internal Upload,
travel-videos.com,Travel,Travel,Alexa,Guest Blogging,Internal Upload,
asiatravel.com,Travel,Travel,Alexa,Guest Blogging,Internal Upload,
travelmath.com,Travel,Travel,Alexa,Guest Blogging,Internal Upload,
hoteltravel.com,Travel,Travel,Alexa,Guest Blogging,Internal Upload,
yellowpages.travel,Travel,Travel,Alexa,Guest Blogging,Internal Upload,
webcams.travel,Travel,Travel,Alexa,Guest Blogging,Internal Upload,
octopustravel.com,Travel,Travel,Alexa,Guest Blogging,Internal Upload,
travelmasti.com,Travel,Travel,Alexa,Guest Blogging,Internal Upload,
southalltravel.co.uk,Travel,Travel,Alexa,Guest Blogging,Internal Upload,
travelrepublic.co.uk,Travel,Travel,Alexa,Guest Blogging,Internal Upload,
travelnow.com,Travel,Travel,Alexa,Guest Blogging,Internal Upload,
shermanstravel.com,Travel,Travel,Alexa,Guest Blogging,Internal Upload,
realtravel.com,Travel,Travel,Alexa,Guest Blogging,Internal Upload,
mytravelguide.com,Travel,Travel,Alexa,Guest Blogging,Internal Upload,
liontravel.com,Travel,Travel,Alexa,Guest Blogging,Internal Upload,
budgettravel.com,Travel,Travel,Alexa,Guest Blogging,Internal Upload,
wordtravels.com,Travel,Travel,Alexa,Guest Blogging,Internal Upload,
travelmole.com,Travel,Travel,Alexa,Guest Blogging,Internal Upload,
utravelnote.com,Travel,Travel,Alexa,Guest Blogging,Internal Upload,
travelocity.ca,Travel,Travel,Alexa,Guest Blogging,Internal Upload,
traveldaily.cn,Travel,Travel,Alexa,Guest Blogging,Internal Upload,
travelplanet.pl,Travel,Travel,Alexa,Guest Blogging,Internal Upload,
capetown.travel,Travel,Travel,Alexa,Guest Blogging,Internal Upload,
eztravel.com.tw,Travel,Travel,Alexa,Guest Blogging,Internal Upload,
itravelqq.com,Travel,Travel,Alexa,Guest Blogging,Internal Upload,
travelstart.co.za,Travel,Travel,Alexa,Guest Blogging,Internal Upload,
totaltravel.com.au,Travel,Travel,Alexa,Guest Blogging,Internal Upload,
travelers.com,Travel,Travel,Alexa,Guest Blogging,Internal Upload,
hellotravel.com,Travel,Travel,Alexa,Guest Blogging,Internal Upload,
akbartravelsonline.com,Travel,Travel,Alexa,Guest Blogging,Internal Upload,
traveljournals.net,Travel,Travel,Alexa,Guest Blogging,Internal Upload,
independenttraveler.com,Travel,Travel,Alexa,Guest Blogging,Internal Upload,
lastminutetravel.com,Travel,Travel,Alexa,Guest Blogging,Internal Upload,
ozon.travel,Travel,Travel,Alexa,Guest Blogging,Internal Upload,
travelzen.com.cn,Travel,Travel,Alexa,Guest Blogging,Internal Upload,
travelclub.es,Travel,Travel,Alexa,Guest Blogging,Internal Upload,
bookourtravel.com,Travel,Travel,Alexa,Guest Blogging,Internal Upload,
iguide.travel,Travel,Travel,Alexa,Guest Blogging,Internal Upload,
travel-library.com,Travel,Travel,Alexa,Guest Blogging,Internal Upload,
travelpost.com,Travel,Travel,Alexa,Guest Blogging,Internal Upload,
travelscout24.de,Travel,Travel,Alexa,Guest Blogging,Internal Upload,
startravel.com.tw,Travel,Travel,Alexa,Guest Blogging,Internal Upload,
gotravel24.com,Travel,Travel,Alexa,Guest Blogging,Internal Upload,
mostravel.com,Travel,Travel,Alexa,Guest Blogging,Internal Upload,
mtravel3biz.com,Travel,Travel,Alexa,Guest Blogging,Internal Upload,
statravel.com,Travel,Travel,Alexa,Guest Blogging,Internal Upload,
travelwalk.net,Travel,Travel,Alexa,Guest Blogging,Internal Upload,
travelplanet24.com,Travel,Travel,Alexa,Guest Blogging,Internal Upload,
intrepidtravel.com,Travel,Travel,Alexa,Guest Blogging,Internal Upload,
wctravel.com,Travel,Travel,Alexa,Guest Blogging,Internal Upload,
aardvarktravel.net,Travel,Travel,Alexa,Guest Blogging,Internal Upload,
matadortravel.com,Travel,Travel,Alexa,Guest Blogging,Internal Upload,
travelzad.com,Travel,Travel,Alexa,Guest Blogging,Internal Upload,
bravenewtraveler.com,Travel,Travel,Alexa,Guest Blogging,Internal Upload,
thetravelersnotebook.com,Travel,Travel,Alexa,Guest Blogging,Internal Upload,
travelwires.com,Travel,Travel,Alexa,Guest Blogging,Internal Upload,
opentravel.com,Travel,Travel,Alexa,Guest Blogging,Internal Upload,
kpntravels.in,Travel,Travel,Alexa,Guest Blogging,Internal Upload,
sylt-travel.de,Travel,Travel,Alexa,Guest Blogging,Internal Upload,
pricetravel.com.mx,Travel,Travel,Alexa,Guest Blogging,Internal Upload,
itravel2000.com,Travel,Travel,Alexa,Guest Blogging,Internal Upload,
statravel.co.uk,Travel,Travel,Alexa,Guest Blogging,Internal Upload,
easyclicktravel.com,Travel,Travel,Alexa,Guest Blogging,Internal Upload,
southtravels.com,Travel,Travel,Alexa,Guest Blogging,Internal Upload,
asiatraveltips.com,Travel,Travel,Alexa,Guest Blogging,Internal Upload,
hobotraveler.com,Travel,Travel,Alexa,Guest Blogging,Internal Upload,
travelgrove.com,Travel,Travel,Alexa,Guest Blogging,Internal Upload,
travellink.se,Travel,Travel,Alexa,Guest Blogging,Internal Upload,
chinatravel.net,Travel,Travel,Alexa,Guest Blogging,Internal Upload,
travelchacha.com,Travel,Travel,Alexa,Guest Blogging,Internal Upload,
travelintelligence.com,Travel,Travel,Alexa,Guest Blogging,Internal Upload,
travelprice.ca,Travel,Travel,Alexa,Guest Blogging,Internal Upload,
travelfish.org,Travel,Travel,Alexa,Guest Blogging,Internal Upload,
travelodge.com,Travel,Travel,Alexa,Guest Blogging,Internal Upload,
travelerpedia.net,Travel,Travel,Alexa,Guest Blogging,Internal Upload,
travelan.net,Travel,Travel,Alexa,Guest Blogging,Internal Upload,
acstravel.com,Travel,Travel,Alexa,Guest Blogging,Internal Upload,
898.travel,Travel,Travel,Alexa,Guest Blogging,Internal Upload,
breakingtravelnews.com,Travel,Travel,Alexa,Guest Blogging,Internal Upload,
letravelstore.com,Travel,Travel,Alexa,Guest Blogging,Internal Upload,
travelsmith.com,Travel,Travel,Alexa,Guest Blogging,Internal Upload,
easytravel.com.tw,Travel,Travel,Alexa,Guest Blogging,Internal Upload,
turkeytravelplanner.com,Travel,Travel,Alexa,Guest Blogging,Internal Upload,
traveleurope.it,Travel,Travel,Alexa,Guest Blogging,Internal Upload,
travel.sk,Travel,Travel,Alexa,Guest Blogging,Internal Upload,
traveladnetwork.com,Travel,Travel,Alexa,Guest Blogging,Internal Upload,
travelvision.jp,Travel,Travel,Alexa,Guest Blogging,Internal Upload,
travelworks.de,Travel,Travel,Alexa,Guest Blogging,Internal Upload,
travelport.com,Travel,Travel,Alexa,Guest Blogging,Internal Upload,
ctriptravel.com,Travel,Travel,Alexa,Guest Blogging,Internal Upload,
starsgrouptravel.com,Travel,Travel,Alexa,Guest Blogging,Internal Upload,
e-travelsolution.com.mx,Travel,Travel,Alexa,Guest Blogging,Internal Upload,
costcotravel.com,Travel,Travel,Alexa,Guest Blogging,Internal Upload,
travelspot.us,Travel,Travel,Alexa,Guest Blogging,Internal Upload,
travel.com.au,Travel,Travel,Alexa,Guest Blogging,Internal Upload,
eyefortravel.com,Travel,Travel,Alexa,Guest Blogging,Internal Upload,
travel24.com,Travel,Travel,Alexa,Guest Blogging,Internal Upload,
traveligo.pl,Travel,Travel,Alexa,Guest Blogging,Internal Upload,
responsibletravel.com,Travel,Travel,Alexa,Guest Blogging,Internal Upload,
travelan.de,Travel,Travel,Alexa,Guest Blogging,Internal Upload,
bigtravelweb.com,Travel,Travel,Alexa,Guest Blogging,Internal Upload,
rvtravel.com,Travel,Travel,Alexa,Guest Blogging,Internal Upload,
canada.travel,Travel,Travel,Alexa,Guest Blogging,Internal Upload,
amateurtraveler.com,Travel,Travel,Alexa,Guest Blogging,Internal Upload,
travelaffiliatepro.com,Travel,Travel,Alexa,Guest Blogging,Internal Upload,
tubetraveler.com,Travel,Travel,Alexa,Guest Blogging,Internal Upload,
travelguard.com,Travel,Travel,Alexa,Guest Blogging,Internal Upload,
travelblog.it,Travel,Travel,Alexa,Guest Blogging,Internal Upload,
aswetravel.com,Travel,Travel,Alexa,Guest Blogging,Internal Upload,
travelfusion.com,Travel,Travel,Alexa,Guest Blogging,Internal Upload,
dreams-travel.com,Travel,Travel,Alexa,Guest Blogging,Internal Upload,
travelaxis.org,Travel,Travel,Alexa,Guest Blogging,Internal Upload,
traveljigsaw.com,Travel,Travel,Alexa,Guest Blogging,Internal Upload,
travelocity.com.mx,Travel,Travel,Alexa,Guest Blogging,Internal Upload,
statravel.com.au,Travel,Travel,Alexa,Guest Blogging,Internal Upload,
traveleurope.com,Travel,Travel,Alexa,Guest Blogging,Internal Upload,
twenty-somethingtravel.com,Travel,Travel,Alexa,Guest Blogging,Internal Upload,
getintravel.com,Travel,Travel,Alexa,Guest Blogging,Internal Upload,
autotravel.ru,Travel,Travel,Alexa,Guest Blogging,Internal Upload,
travelarticlelibrary.com,Travel,Travel,Alexa,Guest Blogging,Internal Upload,
travelingluck.com,Travel,Travel,Alexa,Guest Blogging,Internal Upload,
essentialtravel.co.uk,Travel,Travel,Alexa,Guest Blogging,Internal Upload,
suntravel.co.jp,Travel,Travel,Alexa,Guest Blogging,Internal Upload,
travelamigos.de,Travel,Travel,Alexa,Guest Blogging,Internal Upload,
cntraveller.com,Travel,Travel,Alexa,Guest Blogging,Internal Upload,
travelwebdir.com,Travel,Travel,Alexa,Guest Blogging,Internal Upload,
traveljigsawgroup.com,Travel,Travel,Alexa,Guest Blogging,Internal Upload,
travelalberta.com,Travel,Travel,Alexa,Guest Blogging,Internal Upload,
libertytravel.com,Travel,Travel,Alexa,Guest Blogging,Internal Upload,
capertravelindia.com,Travel,Travel,Alexa,Guest Blogging,Internal Upload,
chicagotraveler.com,Travel,Travel,Alexa,Guest Blogging,Internal Upload,
astravel.ru,Travel,Travel,Alexa,Guest Blogging,Internal Upload,
traveltek.net,Travel,Travel,Alexa,Guest Blogging,Internal Upload,
joy-travels.com,Travel,Travel,Alexa,Guest Blogging,Internal Upload,
vivatravelguides.com,Travel,Travel,Alexa,Guest Blogging,Internal Upload,
travelbymexico.com,Travel,Travel,Alexa,Guest Blogging,Internal Upload,
dev-travel.de,Travel,Travel,Alexa,Guest Blogging,Internal Upload,
travelweekly.com,Travel,Travel,Alexa,Guest Blogging,Internal Upload,
totaltravel.co.uk,Travel,Travel,Alexa,Guest Blogging,Internal Upload,
intheknowtraveler.com,Travel,Travel,Alexa,Guest Blogging,Internal Upload,
travelweekly.co.uk,Travel,Travel,Alexa,Guest Blogging,Internal Upload,
travelground.com,Travel,Travel,Alexa,Guest Blogging,Internal Upload,
sin.travel,Travel,Travel,Alexa,Guest Blogging,Internal Upload,
hotelstravel.com,Travel,Travel,Alexa,Guest Blogging,Internal Upload,
traveldailynews.com,Travel,Travel,Alexa,Guest Blogging,Internal Upload,
xpertravels.com,Travel,Travel,Alexa,Guest Blogging,Internal Upload,
youtravel.com,Travel,Travel,Alexa,Guest Blogging,Internal Upload,
statravel.de,Travel,Travel,Alexa,Guest Blogging,Internal Upload,
travelersdigest.com,Travel,Travel,Alexa,Guest Blogging,Internal Upload,
travelindex.com,Travel,Travel,Alexa,Guest Blogging,Internal Upload,
arestravel.com,Travel,Travel,Alexa,Guest Blogging,Internal Upload,
travelclick.net,Travel,Travel,Alexa,Guest Blogging,Internal Upload,
thetraveleditor.com,Travel,Travel,Alexa,Guest Blogging,Internal Upload,
traveldailynews.gr,Travel,Travel,Alexa,Guest Blogging,Internal Upload,
co-operativetravel.co.uk,Travel,Travel,Alexa,Guest Blogging,Internal Upload,
reservetravel.com,Travel,Travel,Alexa,Guest Blogging,Internal Upload,
hotelrates.travel,Travel,Travel,Alexa,Guest Blogging,Internal Upload,
indietravelpodcast.com,Travel,Travel,Alexa,Guest Blogging,Internal Upload,
evolutiontravel.it,Travel,Travel,Alexa,Guest Blogging,Internal Upload,
logitravel.it,Travel,Travel,Alexa,Guest Blogging,Internal Upload,
e-travelsolution.com,Travel,Travel,Alexa,Guest Blogging,Internal Upload,
travelmuse.com,Travel,Travel,Alexa,Guest Blogging,Internal Upload,
traveltourismdirectory.net,Travel,Travel,Alexa,Guest Blogging,Internal Upload,
travelinfo247.com,Travel,Travel,Alexa,Guest Blogging,Internal Upload,
outback-australia-travel-secrets.com,Travel,Travel,Alexa,Guest Blogging,Internal Upload,
travelnotes.org,Travel,Travel,Alexa,Guest Blogging,Internal Upload,
worldtravel4indians.com,Travel,Travel,Alexa,Guest Blogging,Internal Upload,
travel169.com,Travel,Travel,Alexa,Guest Blogging,Internal Upload,
perceptivetravel.com,Travel,Travel,Alexa,Guest Blogging,Internal Upload,
travelexpertguide.org,Travel,Travel,Alexa,Guest Blogging,Internal Upload,
travelingsuitcase.blogspot.com,Travel,Travel,Alexa,Guest Blogging,Internal Upload,
answers.travel,Travel,Travel,Alexa,Guest Blogging,Internal Upload,
travelcharme.com,Travel,Travel,Alexa,Guest Blogging,Internal Upload,
upgradetravelbetter.com,Travel,Travel,Alexa,Guest Blogging,Internal Upload,
travelalerts.ca,Travel,Travel,Alexa,Guest Blogging,Internal Upload,
ascent-travel.ru,Travel,Travel,Alexa,Guest Blogging,Internal Upload,
samsantravels.com,Travel,Travel,Alexa,Guest Blogging,Internal Upload,
etravel.cz,Travel,Travel,Alexa,Guest Blogging,Internal Upload,
chinatravel.com,Travel,Travel,Alexa,Guest Blogging,Internal Upload,
travel.org.ua,Travel,Travel,Alexa,Guest Blogging,Internal Upload,
travellife.org,Travel,Travel,Alexa,Guest Blogging,Internal Upload,
cruiserates.travel,Travel,Travel,Alexa,Guest Blogging,Internal Upload,
travelta.nl,Travel,Travel,Alexa,Guest Blogging,Internal Upload,
comparehotels.travel,Travel,Travel,Alexa,Guest Blogging,Internal Upload,
itravelnet.com,Travel,Travel,Alexa,Guest Blogging,Internal Upload,
goa-travel.com,Travel,Travel,Alexa,Guest Blogging,Internal Upload,
think2travel.com,Travel,Travel,Alexa,Guest Blogging,Internal Upload,
travelehome.com,Travel,Travel,Alexa,Guest Blogging,Internal Upload,
indiatravelite.com,Travel,Travel,Alexa,Guest Blogging,Internal Upload,
comparison.travel,Travel,Travel,Alexa,Guest Blogging,Internal Upload,
kesinenitravels.com,Travel,Travel,Alexa,Guest Blogging,Internal Upload,
travel-rants.com,Travel,Travel,Alexa,Guest Blogging,Internal Upload,
viatraveler.com,Travel,Travel,Alexa,Guest Blogging,Internal Upload,
local.travel,Travel,Travel,Alexa,Guest Blogging,Internal Upload,
travelblogsites.com,Travel,Travel,Alexa,Guest Blogging,Internal Upload,
chinatraveldepot.com,Travel,Travel,Alexa,Guest Blogging,Internal Upload,
travelagentcentral.com,Travel,Travel,Alexa,Guest Blogging,Internal Upload,
southindiatourtravel.com,Travel,Travel,Alexa,Guest Blogging,Internal Upload,
fehmarn-travel.de,Travel,Travel,Alexa,Guest Blogging,Internal Upload,
octopustravel.co.jp,Travel,Travel,Alexa,Guest Blogging,Internal Upload,
colombia.travel,Travel,Travel,Alexa,Guest Blogging,Internal Upload,
smartraveller.gov.au,Travel,Travel,Alexa,Guest Blogging,Internal Upload,
bytravel.cn,Travel,Travel,Alexa,Guest Blogging,Internal Upload,
grouptravel.com,Travel,Travel,Alexa,Guest Blogging,Internal Upload,
iretoursandtravels.com,Travel,Travel,Alexa,Guest Blogging,Internal Upload,
businesstravellogue.com,Travel,Travel,Alexa,Guest Blogging,Internal Upload,
wheretraveler.com,Travel,Travel,Alexa,Guest Blogging,Internal Upload,
alltravelingkidsfamilyvacations.com,Travel,Travel,Alexa,Guest Blogging,Internal Upload,
travel-images.com,Travel,Travel,Alexa,Guest Blogging,Internal Upload,
casitatraveltrailers.com,Travel,Travel,Alexa,Guest Blogging,Internal Upload,
thefamilytravelfiles.com,Travel,Travel,Alexa,Guest Blogging,Internal Upload,
mountaintravelguide.com,Travel,Travel,Alexa,Guest Blogging,Internal Upload,
travelizmo.com,Travel,Travel,Alexa,Guest Blogging,Internal Upload,
sportstravel.com,Travel,Travel,Alexa,Guest Blogging,Internal Upload,
signaturetravelnetwork.com,Travel,Travel,Alexa,Guest Blogging,Internal Upload,
travelratecompare.com,Travel,Travel,Alexa,Guest Blogging,Internal Upload,
travelsmithcontests.com,Travel,Travel,Alexa,Guest Blogging,Internal Upload,
dreamsunlimitedtravel.com,Travel,Travel,Alexa,Guest Blogging,Internal Upload,
wistravel.com,Travel,Travel,Alexa,Guest Blogging,Internal Upload,
metrotravelguide.com,Travel,Travel,Alexa,Guest Blogging,Internal Upload,
mexetravel.com,Travel,Travel,Alexa,Guest Blogging,Internal Upload,
travelportland.com,Travel,Travel,Alexa,Guest Blogging,Internal Upload,
tunicatravel.com,Travel,Travel,Alexa,Guest Blogging,Internal Upload,
louisianatravel.com,Travel,Travel,Alexa,Guest Blogging,Internal Upload,
tatravelcenters.com,Travel,Travel,Alexa,Guest Blogging,Internal Upload,
travelingo.org,Travel,Travel,Alexa,Guest Blogging,Internal Upload,
newenglandtravelplanner.com,Travel,Travel,Alexa,Guest Blogging,Internal Upload,
petfriendlytravel.com,Travel,Travel,Alexa,Guest Blogging,Internal Upload,
usatravelsource.com,Travel,Travel,Alexa,Guest Blogging,Internal Upload,
etravelmaine.com,Travel,Travel,Alexa,Guest Blogging,Internal Upload,
life-travels.com,Travel,Travel,Alexa,Guest Blogging,Internal Upload,
travelsandrewards.com,Travel,Travel,Alexa,Guest Blogging,Internal Upload,
abstravel.com,Travel,Travel,Alexa,Guest Blogging,Internal Upload,
traveldiscounters.ca,Travel,Travel,Alexa,Guest Blogging,Internal Upload,
getravelop.com,Travel,Travel,Alexa,Guest Blogging,Internal Upload,
biddingfortravel.com,Travel,Travel,Alexa,Guest Blogging,Internal Upload,
egypt.travel,Travel,Travel,Alexa,Guest Blogging,Internal Upload,
karyonres.travel,Travel,Travel,Alexa,Guest Blogging,Internal Upload,
nationalparkstraveler.com,Travel,Travel,Alexa,Guest Blogging,Internal Upload,
traveliowa.com,Travel,Travel,Alexa,Guest Blogging,Internal Upload,
travelwest.net,Travel,Travel,Alexa,Guest Blogging,Internal Upload,
traintraveling.com,Travel,Travel,Alexa,Guest Blogging,Internal Upload,
northmyrtlebeachtravel.com,Travel,Travel,Alexa,Guest Blogging,Internal Upload,
americanexpress-travel.com,Travel,Travel,Alexa,Guest Blogging,Internal Upload,
travelredemptioncenter.com,Travel,Travel,Alexa,Guest Blogging,Internal Upload,
catravelmadesimple.com,Travel,Travel,Alexa,Guest Blogging,Internal Upload,
travelhero.com,Travel,Travel,Alexa,Guest Blogging,Internal Upload,
traveloregon.com,Travel,Travel,Alexa,Guest Blogging,Internal Upload,
compare-travel-online.com,Travel,Travel,Alexa,Guest Blogging,Internal Upload,
travelok.com,Travel,Travel,Alexa,Guest Blogging,Internal Upload,
thetravelinsider.info,Travel,Travel,Alexa,Guest Blogging,Internal Upload,
itravelconnextion.com,Travel,Travel,Alexa,Guest Blogging,Internal Upload,
consatravel.com,Travel,Travel,Alexa,Guest Blogging,Internal Upload,
alltravel.com,Travel,Travel,Alexa,Guest Blogging,Internal Upload,
traveltex.com,Travel,Travel,Alexa,Guest Blogging,Internal Upload,
travelation.com,Travel,Travel,Alexa,Guest Blogging,Internal Upload,
vantage-travel-email.com,Travel,Travel,Alexa,Guest Blogging,Internal Upload,
alabama.travel,Travel,Travel,Alexa,Guest Blogging,Internal Upload,
travels.com,Travel,Travel,Alexa,Guest Blogging,Internal Upload,
navigator.travel,Travel,Travel,Alexa,Guest Blogging,Internal Upload,
travelscream.com,Travel,Travel,Alexa,Guest Blogging,Internal Upload,
inntopia.travel,Travel,Travel,Alexa,Guest Blogging,Internal Upload,
travelguidesfree.com,Travel,Travel,Alexa,Guest Blogging,Internal Upload,
vantagetravel.com,Travel,Travel,Alexa,Guest Blogging,Internal Upload,
onetravelsource.com,Travel,Travel,Alexa,Guest Blogging,Internal Upload,
gate1travel.com,Travel,Travel,Alexa,Guest Blogging,Internal Upload,
alaskatravel.com,Travel,Travel,Alexa,Guest Blogging,Internal Upload,
oattravel.com,Travel,Travel,Alexa,Guest Blogging,Internal Upload,
travelwisconsin.com,Travel,Travel,Alexa,Guest Blogging,Internal Upload,
ytbtravel.com,Travel,Travel,Alexa,Guest Blogging,Internal Upload,
thirdworldtraveler.com,Travel,Travel,Alexa,Guest Blogging,Internal Upload,
travelscity.net,Travel,Travel,Alexa,Guest Blogging,Internal Upload,
travelsd.com,Travel,Travel,Alexa,Guest Blogging,Internal Upload,
travelalaska.com,Travel,Travel,Alexa,Guest Blogging,Internal Upload,
mytravelers.com,Travel,Travel,Alexa,Guest Blogging,Internal Upload,
traveldocs.com,Travel,Travel,Alexa,Guest Blogging,Internal Upload,
pilottravelcenters.com,Travel,Travel,Alexa,Guest Blogging,Internal Upload,
usatravelchoice.com,Travel,Travel,Alexa,Guest Blogging,Internal Upload,
travel50andbeyond.com,Travel,Travel,Alexa,Guest Blogging,Internal Upload,
travelnevada.com,Travel,Travel,Alexa,Guest Blogging,Internal Upload,
kansastravel.org,Travel,Travel,Alexa,Guest Blogging,Internal Upload,
outtraveler.com,Travel,Travel,Alexa,Guest Blogging,Internal Upload,
safetravelusa.com,Travel,Travel,Alexa,Guest Blogging,Internal Upload,
kingdommagictravel.com,Travel,Travel,Alexa,Guest Blogging,Internal Upload,
travelhotels.info,Travel,Travel,Alexa,Guest Blogging,Internal Upload,
etravelstation.com,Travel,Travel,Alexa,Guest Blogging,Internal Upload,
travelyucatan.com,Travel,Travel,Alexa,Guest Blogging,Internal Upload,
capecod.travel,Travel,Travel,Alexa,Guest Blogging,Internal Upload,
thetravel-ins.com,Travel,Travel,Alexa,Guest Blogging,Internal Upload,
travelriffic.com,Travel,Travel,Alexa,Guest Blogging,Internal Upload,
traveldk.com,Travel,Travel,Alexa,Guest Blogging,Internal Upload,
travelandsports.com,Travel,Travel,Alexa,Guest Blogging,Internal Upload,
travelallrussia.com,Travel,Travel,Alexa,Guest Blogging,Internal Upload,
worldtravelservice.com,Travel,Travel,Alexa,Guest Blogging,Internal Upload,
capecodtravel.com,Travel,Travel,Alexa,Guest Blogging,Internal Upload,
1uptravel.com,Travel,Travel,Alexa,Guest Blogging,Internal Upload,
travellady.com,Travel,Travel,Alexa,Guest Blogging,Internal Upload,
travelooce.com,Travel,Travel,Alexa,Guest Blogging,Internal Upload,
totaltravel.com,Travel,Travel,Alexa,Guest Blogging,Internal Upload,
ontariotravel.net,Travel,Travel,Alexa,Guest Blogging,Internal Upload,
thetravelpeach.com,Travel,Travel,Alexa,Guest Blogging,Internal Upload,
traveladventures.org,Travel,Travel,Alexa,Guest Blogging,Internal Upload,
travelworm.com,Travel,Travel,Alexa,Guest Blogging,Internal Upload,
sftravel.com,Travel,Travel,Alexa,Guest Blogging,Internal Upload,
travelportal.info,Travel,Travel,Alexa,Guest Blogging,Internal Upload,
horseandtravel.com,Travel,Travel,Alexa,Guest Blogging,Internal Upload,
latesttraveloffers.com,Travel,Travel,Alexa,Guest Blogging,Internal Upload,
travelscope.net,Travel,Travel,Alexa,Guest Blogging,Internal Upload,
cutravelrewards.com,Travel,Travel,Alexa,Guest Blogging,Internal Upload,
travelingusa.com,Travel,Travel,Alexa,Guest Blogging,Internal Upload,
corporatetravelsafety.com,Travel,Travel,Alexa,Guest Blogging,Internal Upload,
stpaultravelers.com,Travel,Travel,Alexa,Guest Blogging,Internal Upload,
utah.travel,Travel,Travel,Alexa,Guest Blogging,Internal Upload,
hotel-travel-vacation.com,Travel,Travel,Alexa,Guest Blogging,Internal Upload,
12volt-travel.com,Travel,Travel,Alexa,Guest Blogging,Internal Upload,
metmuseum.org,Travel,Travel,Alexa,Guest Blogging,Internal Upload,
museumofhoaxes.com,Travel,Travel,Alexa,Guest Blogging,Internal Upload,
museum.ru,Travel,Travel,Alexa,Guest Blogging,Internal Upload,
britishmuseum.org,Travel,Travel,Alexa,Guest Blogging,Internal Upload,
point-museum.com,Travel,Travel,Alexa,Guest Blogging,Internal Upload,
museum.go.kr,Travel,Travel,Alexa,Guest Blogging,Internal Upload,
card-museum.com,Travel,Travel,Alexa,Guest Blogging,Internal Upload,
mugshotmuseum.com,Travel,Travel,Alexa,Guest Blogging,Internal Upload,
museumtix.com,Travel,Travel,Alexa,Guest Blogging,Internal Upload,
museumsyndicate.com,Travel,Travel,Alexa,Guest Blogging,Internal Upload,
intrepidmuseum.org,Travel,Travel,Alexa,Guest Blogging,Internal Upload,
craftsmanshipmuseum.com,Travel,Travel,Alexa,Guest Blogging,Internal Upload,
creationmuseum.org,Travel,Travel,Alexa,Guest Blogging,Internal Upload,
australianmuseum.net.au,Travel,Travel,Alexa,Guest Blogging,Internal Upload,
museumvictoria.com.au,Travel,Travel,Alexa,Guest Blogging,Internal Upload,
philamuseum.org,Travel,Travel,Alexa,Guest Blogging,Internal Upload,
museumca.org,Travel,Travel,Alexa,Guest Blogging,Internal Upload,
desertmuseum.org,Travel,Travel,Alexa,Guest Blogging,Internal Upload,
museumsusa.org,Travel,Travel,Alexa,Guest Blogging,Internal Upload,
militarymuseum.org,Travel,Travel,Alexa,Guest Blogging,Internal Upload,
sciencemuseum.org.uk,Travel,Travel,Alexa,Guest Blogging,Internal Upload,
microcarmuseum.com,Travel,Travel,Alexa,Guest Blogging,Internal Upload,
whitehousemuseum.org,Travel,Travel,Alexa,Guest Blogging,Internal Upload,
royalalbertamuseum.ca,Travel,Travel,Alexa,Guest Blogging,Internal Upload,
childrensmuseum.org,Travel,Travel,Alexa,Guest Blogging,Internal Upload,
seattleartmuseum.org,Travel,Travel,Alexa,Guest Blogging,Internal Upload,
madisonchildrensmuseum.org,Travel,Travel,Alexa,Guest Blogging,Internal Upload,
cincymuseum.org,Travel,Travel,Alexa,Guest Blogging,Internal Upload,
denverartmuseum.org,Travel,Travel,Alexa,Guest Blogging,Internal Upload,
sfmuseum.org,Travel,Travel,Alexa,Guest Blogging,Internal Upload,
radiomuseum.org,Travel,Travel,Alexa,Guest Blogging,Internal Upload,
guitar-museum.com,Travel,Travel,Alexa,Guest Blogging,Internal Upload,
poemuseum.org,Travel,Travel,Alexa,Guest Blogging,Internal Upload,
museum.tv,Travel,Travel,Alexa,Guest Blogging,Internal Upload,
babesmuseum.com,Travel,Travel,Alexa,Guest Blogging,Internal Upload,
powerhousemuseum.com,Travel,Travel,Alexa,Guest Blogging,Internal Upload,
brooklynmuseum.org,Travel,Travel,Alexa,Guest Blogging,Internal Upload,
arcade-museum.com,Travel,Travel,Alexa,Guest Blogging,Internal Upload,
corvettemuseum.com,Travel,Travel,Alexa,Guest Blogging,Internal Upload,
memphismuseums.org,Travel,Travel,Alexa,Guest Blogging,Internal Upload,
fieldmuseum.org,Travel,Travel,Alexa,Guest Blogging,Internal Upload,
bmxmuseum.com,Travel,Travel,Alexa,Guest Blogging,Internal Upload,
museumstuff.com,Travel,Travel,Alexa,Guest Blogging,Internal Upload,
unmuseum.org,Travel,Travel,Alexa,Guest Blogging,Internal Upload,
winentrance.com,Travel,Travel,Alexa,Guest Blogging,Internal Upload,
foodandwine.com,Travel,Travel,Alexa,Guest Blogging,Internal Upload,
winehq.org,Travel,Travel,Alexa,Guest Blogging,Internal Upload,
wine-searcher.com,Travel,Travel,Alexa,Guest Blogging,Internal Upload,
wineverygame.com,Travel,Travel,Alexa,Guest Blogging,Internal Upload,
winelibrary.com,Travel,Travel,Alexa,Guest Blogging,Internal Upload,
wine.com,Travel,Travel,Alexa,Guest Blogging,Internal Upload,
winespectator.com,Travel,Travel,Alexa,Guest Blogging,Internal Upload,
cnwinenews.com,Travel,Travel,Alexa,Guest Blogging,Internal Upload,
yesmywine.com,Travel,Travel,Alexa,Guest Blogging,Internal Upload,
pinwine.cn,Travel,Travel,Alexa,Guest Blogging,Internal Upload,
klwines.com,Travel,Travel,Alexa,Guest Blogging,Internal Upload,
winechina.com,Travel,Travel,Alexa,Guest Blogging,Internal Upload,
winesworld.net,Travel,Travel,Alexa,Guest Blogging,Internal Upload,
wineaccess.com,Travel,Travel,Alexa,Guest Blogging,Internal Upload,
winesworld.com,Travel,Travel,Alexa,Guest Blogging,Internal Upload,
winebusiness.com,Travel,Travel,Alexa,Guest Blogging,Internal Upload,
localwineevents.com,Travel,Travel,Alexa,Guest Blogging,Internal Upload,
wines-info.com,Travel,Travel,Alexa,Guest Blogging,Internal Upload,
wineenthusiast.com,Travel,Travel,Alexa,Guest Blogging,Internal Upload,
wineintro.com,Travel,Travel,Alexa,Guest Blogging,Internal Upload,
winecountry.com,Travel,Travel,Alexa,Guest Blogging,Internal Upload,
astorwines.com,Travel,Travel,Alexa,Guest Blogging,Internal Upload,
kiwinets.com,Travel,Travel,Alexa,Guest Blogging,Internal Upload,
email-totalwine.com,Travel,Travel,Alexa,Guest Blogging,Internal Upload,
winecountrygetaways.com,Travel,Travel,Alexa,Guest Blogging,Internal Upload,
winegard.com,Travel,Travel,Alexa,Guest Blogging,Internal Upload,
winechateau.com,Travel,Travel,Alexa,Guest Blogging,Internal Upload,
catchwine.com,Travel,Travel,Alexa,Guest Blogging,Internal Upload,
winecountrygiftbaskets.com,Travel,Travel,Alexa,Guest Blogging,Internal Upload,
wineanorak.com,Travel,Travel,Alexa,Guest Blogging,Internal Upload,
totalwine.com,Travel,Travel,Alexa,Guest Blogging,Internal Upload,
ethanwiner.com,Travel,Travel,Alexa,Guest Blogging,Internal Upload,
williams-sonomawineclub.com,Travel,Travel,Alexa,Guest Blogging,Internal Upload,
winemag.com,Travel,Travel,Alexa,Guest Blogging,Internal Upload,
wsjwine.com,Travel,Travel,Alexa,Guest Blogging,Internal Upload,
easy-wine.net,Travel,Travel,Alexa,Guest Blogging,Internal Upload,
mywinesdirect.com,Travel,Travel,Alexa,Guest Blogging,Internal Upload,
foodnetwork.com,Travel,Travel,Alexa,Guest Blogging,Internal Upload,
boysfood.com,Travel,Travel,Alexa,Guest Blogging,Internal Upload,
21food.cn,Travel,Travel,Alexa,Guest Blogging,Internal Upload,
ifood.tv,Travel,Travel,Alexa,Guest Blogging,Internal Upload,
wholefoodsmarket.com,Travel,Travel,Alexa,Guest Blogging,Internal Upload,
foodbuzz.com,Travel,Travel,Alexa,Guest Blogging,Internal Upload,
slashfood.com,Travel,Travel,Alexa,Guest Blogging,Internal Upload,
bbcgoodfood.com,Travel,Travel,Alexa,Guest Blogging,Internal Upload,
foodandwine.com,Travel,Travel,Alexa,Guest Blogging,Internal Upload,
kraftfoods.com,Travel,Travel,Alexa,Guest Blogging,Internal Upload,
whfoods.com,Travel,Travel,Alexa,Guest Blogging,Internal Upload,
foodmate.net,Travel,Travel,Alexa,Guest Blogging,Internal Upload,
detikfood.com,Travel,Travel,Alexa,Guest Blogging,Internal Upload,
foodqs.cn,Travel,Travel,Alexa,Guest Blogging,Internal Upload,
indianfoodforever.com,Travel,Travel,Alexa,Guest Blogging,Internal Upload,
tech-food.com,Travel,Travel,Alexa,Guest Blogging,Internal Upload,
foodiebay.com,Travel,Travel,Alexa,Guest Blogging,Internal Upload,
foodgawker.com,Travel,Travel,Alexa,Guest Blogging,Internal Upload,
foodreference.com,Travel,Travel,Alexa,Guest Blogging,Internal Upload,
food24.com,Travel,Travel,Alexa,Guest Blogging,Internal Upload,
foods1.com,Travel,Travel,Alexa,Guest Blogging,Internal Upload,
lesfoodies.com,Travel,Travel,Alexa,Guest Blogging,Internal Upload,
foodista.com,Travel,Travel,Alexa,Guest Blogging,Internal Upload,
foodnetworkstore.com,Travel,Travel,Alexa,Guest Blogging,Internal Upload,
myfoodlooksfunny.com,Travel,Travel,Alexa,Guest Blogging,Internal Upload,
10food10.com,Travel,Travel,Alexa,Guest Blogging,Internal Upload,
petfooddirect.com,Travel,Travel,Alexa,Guest Blogging,Internal Upload,
myfooddiary.com,Travel,Travel,Alexa,Guest Blogging,Internal Upload,
roadfood.com,Travel,Travel,Alexa,Guest Blogging,Internal Upload,
campusfood.com,Travel,Travel,Alexa,Guest Blogging,Internal Upload,
foodlion.com,Travel,Travel,Alexa,Guest Blogging,Internal Upload,
foodservicedirect.com,Travel,Travel,Alexa,Guest Blogging,Internal Upload,
food52.com,Travel,Travel,Alexa,Guest Blogging,Internal Upload,
reynard-food.blogspot.com,Travel,Travel,Alexa,Guest Blogging,Internal Upload,
foodnetwork.ca,Travel,Travel,Alexa,Guest Blogging,Internal Upload,
foodspotting.com,Travel,Travel,Alexa,Guest Blogging,Internal Upload,
chinafoods.cn,Travel,Travel,Alexa,Guest Blogging,Internal Upload,
lifestylefood.com.au,Travel,Travel,Alexa,Guest Blogging,Internal Upload,
wholesomebabyfood.com,Travel,Travel,Alexa,Guest Blogging,Internal Upload,
nissinfoods.co.jp,Travel,Travel,Alexa,Guest Blogging,Internal Upload,
kraftfoodscompany.com,Travel,Travel,Alexa,Guest Blogging,Internal Upload,
foodchannel.com,Travel,Travel,Alexa,Guest Blogging,Internal Upload,
living-foods.com,Travel,Travel,Alexa,Guest Blogging,Internal Upload,
foodconsumer.org,Travel,Travel,Alexa,Guest Blogging,Internal Upload,
giantfood.com,Travel,Travel,Alexa,Guest Blogging,Internal Upload,
foodnetworkhumor.com,Travel,Travel,Alexa,Guest Blogging,Internal Upload,
aldifoods.com,Travel,Travel,Alexa,Guest Blogging,Internal Upload,
rawfoodtalk.com,Travel,Travel,Alexa,Guest Blogging,Internal Upload,
sunfood.com,Travel,Travel,Alexa,Guest Blogging,Internal Upload,
foodler.com,Travel,Travel,Alexa,Guest Blogging,Internal Upload,
foodporndaily.com,Travel,Travel,Alexa,Guest Blogging,Internal Upload,
foodieview.com,Travel,Travel,Alexa,Guest Blogging,Internal Upload,
sailusfood.com,Travel,Travel,Alexa,Guest Blogging,Internal Upload,
newsfood.com,Travel,Travel,Alexa,Guest Blogging,Internal Upload,
foodpages.ca,Travel,Travel,Alexa,Guest Blogging,Internal Upload,
housefoods.jp,Travel,Travel,Alexa,Guest Blogging,Internal Upload,
nowfoods.com,Travel,Travel,Alexa,Guest Blogging,Internal Upload,
foodwishes.blogspot.com,Travel,Travel,Alexa,Guest Blogging,Internal Upload,
frysfood.com,Travel,Travel,Alexa,Guest Blogging,Internal Upload,
foodjx.com,Travel,Travel,Alexa,Guest Blogging,Internal Upload,
foodmatters.tv,Travel,Travel,Alexa,Guest Blogging,Internal Upload,
21food.com,Travel,Travel,Alexa,Guest Blogging,Internal Upload,
foodservicewarehouse.com,Travel,Travel,Alexa,Guest Blogging,Internal Upload,
matsuyafoods.co.jp,Travel,Travel,Alexa,Guest Blogging,Internal Upload,
livesuperfoods.com,Travel,Travel,Alexa,Guest Blogging,Internal Upload,
thefoodinmybeard.com,Travel,Travel,Alexa,Guest Blogging,Internal Upload,
therawfoodworld.com,Travel,Travel,Alexa,Guest Blogging,Internal Upload,
angelfoodministries.com,Travel,Travel,Alexa,Guest Blogging,Internal Upload,
foodieblogroll.com,Travel,Travel,Alexa,Guest Blogging,Internal Upload,
deliciousfoodrecipes.net,Travel,Travel,Alexa,Guest Blogging,Internal Upload,
fileforfoodstamps.com,Travel,Travel,Alexa,Guest Blogging,Internal Upload,
boysfoodtube.com,Travel,Travel,Alexa,Guest Blogging,Internal Upload,
foodlionemail.com,Travel,Travel,Alexa,Guest Blogging,Internal Upload,
careersinfood.com,Travel,Travel,Alexa,Guest Blogging,Internal Upload,
giantfoodstores.com,Travel,Travel,Alexa,Guest Blogging,Internal Upload,
food2.com,Travel,Travel,Alexa,Guest Blogging,Internal Upload,
foodstampsnow.org,Travel,Travel,Alexa,Guest Blogging,Internal Upload,
mrfood.com,Travel,Travel,Alexa,Guest Blogging,Internal Upload,
conagrafoods.com,Travel,Travel,Alexa,Guest Blogging,Internal Upload,
food.com,Travel,Travel,Alexa,Guest Blogging,Internal Upload,
fabulousfoods.com,Travel,Travel,Alexa,Guest Blogging,Internal Upload,
foodiebytes.com,Travel,Travel,Alexa,Guest Blogging,Internal Upload,
pacefoods.com,Travel,Travel,Alexa,Guest Blogging,Internal Upload,
familyfoodrewards.com,Travel,Travel,Alexa,Guest Blogging,Internal Upload,
talktofoodlion.com,Travel,Travel,Alexa,Guest Blogging,Internal Upload,
foodtimeline.org,Travel,Travel,Alexa,Guest Blogging,Internal Upload,
foodinsurance.com,Travel,Travel,Alexa,Guest Blogging,Internal Upload,
lowesfoods.com,Travel,Travel,Alexa,Guest Blogging,Internal Upload,
martinsfoods.com,Travel,Travel,Alexa,Guest Blogging,Internal Upload,
martinsfood.com,Travel,Travel,Alexa,Guest Blogging,Internal Upload,
soulfoodandsoutherncooking.com,Travel,Travel,Alexa,Guest Blogging,Internal Upload,
dietaryfiberfood.com,Travel,Travel,Alexa,Guest Blogging,Internal Upload,
email-foodnetworkstore.com,Travel,Travel,Alexa,Guest Blogging,Internal Upload,
foodio54.com,Travel,Travel,Alexa,Guest Blogging,Internal Upload,
food4less.com,Travel,Travel,Alexa,Guest Blogging,Internal Upload,
foodcritic101.com,Travel,Travel,Alexa,Guest Blogging,Internal Upload,
thebestofrawfood.com,Travel,Travel,Alexa,Guest Blogging,Internal Upload,
birdseyefoods.com,Travel,Travel,Alexa,Guest Blogging,Internal Upload,
foodbycountry.com,Travel,Travel,Alexa,Guest Blogging,Internal Upload,
foodnews.org,Travel,Travel,Alexa,Guest Blogging,Internal Upload,
slowfoodusa.org,Travel,Travel,Alexa,Guest Blogging,Internal Upload,
foodsubs.com,Travel,Travel,Alexa,Guest Blogging,Internal Upload,
jdfoods.net,Travel,Travel,Alexa,Guest Blogging,Internal Upload,
gettingfoodstamps.org,Travel,Travel,Alexa,Guest Blogging,Internal Upload,
foodsafety.gov,Travel,Travel,Alexa,Guest Blogging,Internal Upload,
bulkfoods.com,Travel,Travel,Alexa,Guest Blogging,Internal Upload,
foodcity.com,Travel,Travel,Alexa,Guest Blogging,Internal Upload,
easy-french-food.com,Travel,Travel,Alexa,Guest Blogging,Internal Upload,
foodmayhem.com,Travel,Travel,Alexa,Guest Blogging,Internal Upload,
foodtidings.com,Travel,Travel,Alexa,Guest Blogging,Internal Upload,
foodloversfatloss.com,Travel,Travel,Alexa,Guest Blogging,Internal Upload,
efoodsdirect.com,Travel,Travel,Alexa,Guest Blogging,Internal Upload,
wincofoods.com,Travel,Travel,Alexa,Guest Blogging,Internal Upload,
opensourcefood.com,Travel,Travel,Alexa,Guest Blogging,Internal Upload,
foodstampsearch.com,Travel,Travel,Alexa,Guest Blogging,Internal Upload,
foodierama.com,Travel,Travel,Alexa,Guest Blogging,Internal Upload,
therawfoodcoach.com,Travel,Travel,Alexa,Guest Blogging,Internal Upload,
chinesefooddiy.com,Travel,Travel,Alexa,Guest Blogging,Internal Upload,
foodsaver.com,Travel,Travel,Alexa,Guest Blogging,Internal Upload,
filipinofoodrecipes.net,Travel,Travel,Alexa,Guest Blogging,Internal Upload,
foodpb.com,Travel,Travel,Alexa,Guest Blogging,Internal Upload,
whfoods.org,Travel,Travel,Alexa,Guest Blogging,Internal Upload,
rainbowfoods.com,Travel,Travel,Alexa,Guest Blogging,Internal Upload,
smithsfoodanddrug.com,Travel,Travel,Alexa,Guest Blogging,Internal Upload,
bestfoods.us,Travel,Travel,Alexa,Guest Blogging,Internal Upload,
dogfood-coupon.com,Travel,Travel,Alexa,Guest Blogging,Internal Upload,
snarkfood.com,Travel,Travel,Alexa,Guest Blogging,Internal Upload,
fastfood.com,Travel,Travel,Alexa,Guest Blogging,Internal Upload,
heartlandfoodcorp.com,Travel,Travel,Alexa,Guest Blogging,Internal Upload,
shopnsavefood.com,Travel,Travel,Alexa,Guest Blogging,Internal Upload,
all-fish-seafood-recipes.com,Travel,Travel,Alexa,Guest Blogging,Internal Upload,
foodaq.com,Travel,Travel,Alexa,Guest Blogging,Internal Upload,
freefoodnow.org,Travel,Travel,Alexa,Guest Blogging,Internal Upload,
festfoods.com,Travel,Travel,Alexa,Guest Blogging,Internal Upload,
chinesefood-recipes.com,Travel,Travel,Alexa,Guest Blogging,Internal Upload,
weathervaneseafoods.com,Travel,Travel,Alexa,Guest Blogging,Internal Upload,
foodandwaterwatch.org,Travel,Travel,Alexa,Guest Blogging,Internal Upload,
legalseafoods.com,Travel,Travel,Alexa,Guest Blogging,Internal Upload,
thefoodpaper.com,Travel,Travel,Alexa,Guest Blogging,Internal Upload,
deanfoods.com,Travel,Travel,Alexa,Guest Blogging,Internal Upload,
usfoodservice.com,Travel,Travel,Alexa,Guest Blogging,Internal Upload,
fill-me-up-foods-msgs.net,Travel,Travel,Alexa,Guest Blogging,Internal Upload,
ireallylikefood.com,Travel,Travel,Alexa,Guest Blogging,Internal Upload,
foodshortageusa.com,Travel,Travel,Alexa,Guest Blogging,Internal Upload,
marxfoods.com,Travel,Travel,Alexa,Guest Blogging,Internal Upload,
usfood.com,Travel,Travel,Alexa,Guest Blogging,Internal Upload,
gloryfoods.com,Travel,Travel,Alexa,Guest Blogging,Internal Upload,
efooddepot.com,Travel,Travel,Alexa,Guest Blogging,Internal Upload,
foodfit.com,Travel,Travel,Alexa,Guest Blogging,Internal Upload,
keyfood.com,Travel,Travel,Alexa,Guest Blogging,Internal Upload,
1fastfoodcoupon.com,Travel,Travel,Alexa,Guest Blogging,Internal Upload,
ultra-foods.com,Travel,Travel,Alexa,Guest Blogging,Internal Upload,
foodintol.com,Travel,Travel,Alexa,Guest Blogging,Internal Upload,
therawfoodsite.com,Travel,Travel,Alexa,Guest Blogging,Internal Upload,
karnsfoods.com,Travel,Travel,Alexa,Guest Blogging,Internal Upload,
safoodbank.org,Travel,Travel,Alexa,Guest Blogging,Internal Upload,
foodtecsolutions.com,Travel,Travel,Alexa,Guest Blogging,Internal Upload,
asianfoodgrocer.com,Travel,Travel,Alexa,Guest Blogging,Internal Upload,
catfood.net,Travel,Travel,Alexa,Guest Blogging,Internal Upload,
top-foods.com,Travel,Travel,Alexa,Guest Blogging,Internal Upload,
hormelfoods.com,Travel,Travel,Alexa,Guest Blogging,Internal Upload,
realfoodnutrients.com,Travel,Travel,Alexa,Guest Blogging,Internal Upload,
foodservicerewards.com,Travel,Travel,Alexa,Guest Blogging,Internal Upload,
getfoodstamps.net,Travel,Travel,Alexa,Guest Blogging,Internal Upload,
dreamfieldsfoods.com,Travel,Travel,Alexa,Guest Blogging,Internal Upload,
myfoodapedia.gov,Travel,Travel,Alexa,Guest Blogging,Internal Upload,
fooddemocracynow.org,Travel,Travel,Alexa,Guest Blogging,Internal Upload,
food-stamps.net,Travel,Travel,Alexa,Guest Blogging,Internal Upload,
flashfoods.com,Travel,Travel,Alexa,Guest Blogging,Internal Upload,
myfoodlovers.com,Travel,Travel,Alexa,Guest Blogging,Internal Upload,
onlinefoodresources.com,Travel,Travel,Alexa,Guest Blogging,Internal Upload,
mexicanfoodrecipes.org,Travel,Travel,Alexa,Guest Blogging,Internal Upload,
kettlefoods.com,Travel,Travel,Alexa,Guest Blogging,Internal Upload,
foododelmundo.com,Travel,Travel,Alexa,Guest Blogging,Internal Upload,
superfreshfood.com,Travel,Travel,Alexa,Guest Blogging,Internal Upload,
rawfoodinfo.com,Travel,Travel,Alexa,Guest Blogging,Internal Upload,
freshwayfoods.com,Travel,Travel,Alexa,Guest Blogging,Internal Upload,
italianfoodforever.com,Travel,Travel,Alexa,Guest Blogging,Internal Upload,
naturalpetfooddelivery.com,Travel,Travel,Alexa,Guest Blogging,Internal Upload,
foodspot.com,Travel,Travel,Alexa,Guest Blogging,Internal Upload,
doggiefood.com,Travel,Travel,Alexa,Guest Blogging,Internal Upload,
gordonfoods.com,Travel,Travel,Alexa,Guest Blogging,Internal Upload,
bottomdollarfoodemail.com,Travel,Travel,Alexa,Guest Blogging,Internal Upload,
conagrafoodscareers.com,Travel,Travel,Alexa,Guest Blogging,Internal Upload,
foodiversity.com,Travel,Travel,Alexa,Guest Blogging,Internal Upload,
cruisecritic.com,Travel,Travel,Alexa,Guest Blogging,Internal Upload,
campuscruiser.com,Travel,Travel,Alexa,Guest Blogging,Internal Upload,
celebritycruises.com,Travel,Travel,Alexa,Guest Blogging,Internal Upload,
cruisesonly.com,Travel,Travel,Alexa,Guest Blogging,Internal Upload,
cruises.com,Travel,Travel,Alexa,Guest Blogging,Internal Upload,
cruiseflorida.com,Travel,Travel,Alexa,Guest Blogging,Internal Upload,
cruise.com,Travel,Travel,Alexa,Guest Blogging,Internal Upload,
cruisersforum.com,Travel,Travel,Alexa,Guest Blogging,Internal Upload,
style-cruise.jp,Travel,Travel,Alexa,Guest Blogging,Internal Upload,
cruisercustomizing.com,Travel,Travel,Alexa,Guest Blogging,Internal Upload,
cruiseamerica.com,Travel,Travel,Alexa,Guest Blogging,Internal Upload,
cruisebase.com,Travel,Travel,Alexa,Guest Blogging,Internal Upload,
cruisecompete.com,Travel,Travel,Alexa,Guest Blogging,Internal Upload,
cruisecheap.com,Travel,Travel,Alexa,Guest Blogging,Internal Upload,
comparisoncruise.com,Travel,Travel,Alexa,Guest Blogging,Internal Upload,
motorcyclecruiser.com,Travel,Travel,Alexa,Guest Blogging,Internal Upload,
pocruises.com,Travel,Travel,Alexa,Guest Blogging,Internal Upload,
cruiserates.travel,Travel,Travel,Alexa,Guest Blogging,Internal Upload,
cruisemates.com,Travel,Travel,Alexa,Guest Blogging,Internal Upload,
hyip-cruiser.com,Travel,Travel,Alexa,Guest Blogging,Internal Upload,
freecaribbeancruises.com,Travel,Travel,Alexa,Guest Blogging,Internal Upload,
jorgecruise.com,Travel,Travel,Alexa,Guest Blogging,Internal Upload,
cruisesforless.com,Travel,Travel,Alexa,Guest Blogging,Internal Upload,
cruiseoutlet.com,Travel,Travel,Alexa,Guest Blogging,Internal Upload,
vikingrivercruises.com,Travel,Travel,Alexa,Guest Blogging,Internal Upload,
cruisedeals.com,Travel,Travel,Alexa,Guest Blogging,Internal Upload,
directlinecruises.com,Travel,Travel,Alexa,Guest Blogging,Internal Upload,
cruiseweb.com,Travel,Travel,Alexa,Guest Blogging,Internal Upload,
gobahamascruise.com,Travel,Travel,Alexa,Guest Blogging,Internal Upload,
azamaraclubcruises.com,Travel,Travel,Alexa,Guest Blogging,Internal Upload,
fjcruiserforums.com,Travel,Travel,Alexa,Guest Blogging,Internal Upload,
cruiseone.com,Travel,Travel,Alexa,Guest Blogging,Internal Upload,
entertainmentcruises.com,Travel,Travel,Alexa,Guest Blogging,Internal Upload,
cruise411.com,Travel,Travel,Alexa,Guest Blogging,Internal Upload,
smartcruiser.com,Travel,Travel,Alexa,Guest Blogging,Internal Upload,
statuecruises.com,Travel,Travel,Alexa,Guest Blogging,Internal Upload,
cruisedivision.com,Travel,Travel,Alexa,Guest Blogging,Internal Upload,
alaskancruise.com,Travel,Travel,Alexa,Guest Blogging,Internal Upload,
alaskacruises.com,Travel,Travel,Alexa,Guest Blogging,Internal Upload,
msccruises.com,Travel,Travel,Alexa,Guest Blogging,Internal Upload,
bestpricecruises.com,Travel,Travel,Alexa,Guest Blogging,Internal Upload,
cruisebrothers.com,Travel,Travel,Alexa,Guest Blogging,Internal Upload,
rivercruise.com,Travel,Travel,Alexa,Guest Blogging,Internal Upload,
costacruise.com,Travel,Travel,Alexa,Guest Blogging,Internal Upload,
ovscruise.com,Travel,Travel,Alexa,Guest Blogging,Internal Upload,
lastminutecruises.com,Travel,Travel,Alexa,Guest Blogging,Internal Upload,
cruisereviews.com,Travel,Travel,Alexa,Guest Blogging,Internal Upload,
cruisejunkie.com,Travel,Travel,Alexa,Guest Blogging,Internal Upload,
cruiseshopping.com,Travel,Travel,Alexa,Guest Blogging,Internal Upload,
cruiseshipcenters.com,Travel,Travel,Alexa,Guest Blogging,Internal Upload,
carnivalcruises.com,Travel,Travel,Alexa,Guest Blogging,Internal Upload,
cdn-gcruise.com,Travel,Travel,Alexa,Guest Blogging,Internal Upload,
cruisesfrom.com,Travel,Travel,Alexa,Guest Blogging,Internal Upload,
cruisedirect.com,Travel,Travel,Alexa,Guest Blogging,Internal Upload,
alaskaaircruises.com,Travel,Travel,Alexa,Guest Blogging,Internal Upload,
alcatrazcruises.com,Travel,Travel,Alexa,Guest Blogging,Internal Upload,
discoverycruiseline.com,Travel,Travel,Alexa,Guest Blogging,Internal Upload,
cruisesinc.com,Travel,Travel,Alexa,Guest Blogging,Internal Upload,
cruiseshipcenters.ca,Travel,Travel,Alexa,Guest Blogging,Internal Upload,
oceaniacruises.com,Travel,Travel,Alexa,Guest Blogging,Internal Upload,
crowncruisevacations.com,Travel,Travel,Alexa,Guest Blogging,Internal Upload,
cruises-4-free.com,Travel,Travel,Alexa,Guest Blogging,Internal Upload,
cruisewest.com,Travel,Travel,Alexa,Guest Blogging,Internal Upload,
mercruiserparts.com,Travel,Travel,Alexa,Guest Blogging,Internal Upload,
cruisenetwork.com,Travel,Travel,Alexa,Guest Blogging,Internal Upload,
cruiserci.com,Travel,Travel,Alexa,Guest Blogging,Internal Upload,
msccruisesusa.com,Travel,Travel,Alexa,Guest Blogging,Internal Upload,
lakemeadcruises.com,Travel,Travel,Alexa,Guest Blogging,Internal Upload,
hy-linecruises.com,Travel,Travel,Alexa,Guest Blogging,Internal Upload,
ptcruiserlinks.com,Travel,Travel,Alexa,Guest Blogging,Internal Upload,
cruisedeals.co.uk,Travel,Travel,Alexa,Guest Blogging,Internal Upload,
klovecruise.com,Travel,Travel,Alexa,Guest Blogging,Internal Upload,
galvestoncruises.com,Travel,Travel,Alexa,Guest Blogging,Internal Upload,
americanexpresscruise.com,Travel,Travel,Alexa,Guest Blogging,Internal Upload,
americandiscountcruises.com,Travel,Travel,Alexa,Guest Blogging,Internal Upload,
skymilescruises.com,Travel,Travel,Alexa,Guest Blogging,Internal Upload,
ecruises.com,Travel,Travel,Alexa,Guest Blogging,Internal Upload,
usairwayscruises.com,Travel,Travel,Alexa,Guest Blogging,Internal Upload,
cruisereport.com,Travel,Travel,Alexa,Guest Blogging,Internal Upload,
galvestoncruise.com,Travel,Travel,Alexa,Guest Blogging,Internal Upload,
vacationstogo.com,Travel,Travel,Alexa,Guest Blogging,Internal Upload,
vacationrentals.com,Travel,Travel,Alexa,Guest Blogging,Internal Upload,
vacationhomerentals.com,Travel,Travel,Alexa,Guest Blogging,Internal Upload,
applevacations.com,Travel,Travel,Alexa,Guest Blogging,Internal Upload,
aavacations.com,Travel,Travel,Alexa,Guest Blogging,Internal Upload,
alwaysonvacation.com,Travel,Travel,Alexa,Guest Blogging,Internal Upload,
usairwaysvacations.com,Travel,Travel,Alexa,Guest Blogging,Internal Upload,
resortvacationstogo.com,Travel,Travel,Alexa,Guest Blogging,Internal Upload,
autovacation.com.cn,Travel,Travel,Alexa,Guest Blogging,Internal Upload,
vacationtimesharerentals.com,Travel,Travel,Alexa,Guest Blogging,Internal Upload,
dunhillvacations.com,Travel,Travel,Alexa,Guest Blogging,Internal Upload,
vacationsmadeeasy.com,Travel,Travel,Alexa,Guest Blogging,Internal Upload,
americasvacationcenter.com,Travel,Travel,Alexa,Guest Blogging,Internal Upload,
family-vacation-getaways-at-los-angeles-theme-parks.com,Travel,Travel,Alexa,Guest Blogging,Internal Upload,
his-vacation.com,Travel,Travel,Alexa,Guest Blogging,Internal Upload,
deltavacations.com,Travel,Travel,Alexa,Guest Blogging,Internal Upload,
tnvacation.com,Travel,Travel,Alexa,Guest Blogging,Internal Upload,
selloffvacations.com,Travel,Travel,Alexa,Guest Blogging,Internal Upload,
aircanadavacations.com,Travel,Travel,Alexa,Guest Blogging,Internal Upload,
arrangeyourvacation.com,Travel,Travel,Alexa,Guest Blogging,Internal Upload,
westjetvacations.com,Travel,Travel,Alexa,Guest Blogging,Internal Upload,
southwestvacations.com,Travel,Travel,Alexa,Guest Blogging,Internal Upload,
wyndham-vacations.com,Travel,Travel,Alexa,Guest Blogging,Internal Upload,
sanluisobispovacations.com,Travel,Travel,Alexa,Guest Blogging,Internal Upload,
vacationfun.com,Travel,Travel,Alexa,Guest Blogging,Internal Upload,
reservevacations.com,Travel,Travel,Alexa,Guest Blogging,Internal Upload,
vacationsmagazine.com,Travel,Travel,Alexa,Guest Blogging,Internal Upload,
tourvacationstogo.com,Travel,Travel,Alexa,Guest Blogging,Internal Upload,
disneyvacations.com,Travel,Travel,Alexa,Guest Blogging,Internal Upload,
wyndhamvacationresorts.com,Travel,Travel,Alexa,Guest Blogging,Internal Upload,
vacationrentals411.com,Travel,Travel,Alexa,Guest Blogging,Internal Upload,
lakehousevacations.com,Travel,Travel,Alexa,Guest Blogging,Internal Upload,
onlocationvacations.com,Travel,Travel,Alexa,Guest Blogging,Internal Upload,
massvacation.com,Travel,Travel,Alexa,Guest Blogging,Internal Upload,
mgmmiragevacations.com,Travel,Travel,Alexa,Guest Blogging,Internal Upload,
vacationrentalpeople.com,Travel,Travel,Alexa,Guest Blogging,Internal Upload,
clippervacations.com,Travel,Travel,Alexa,Guest Blogging,Internal Upload,
goldkeyvacations.com,Travel,Travel,Alexa,Guest Blogging,Internal Upload,
covacations.com,Travel,Travel,Alexa,Guest Blogging,Internal Upload,
amtrakvacations.com,Travel,Travel,Alexa,Guest Blogging,Internal Upload,
vacationrentalsad.com,Travel,Travel,Alexa,Guest Blogging,Internal Upload,
vacationmyrtlebeach.com,Travel,Travel,Alexa,Guest Blogging,Internal Upload,
europevacations.com,Travel,Travel,Alexa,Guest Blogging,Internal Upload,
excellent-romantic-vacations.com,Travel,Travel,Alexa,Guest Blogging,Internal Upload,
onlinevacationcenter.com,Travel,Travel,Alexa,Guest Blogging,Internal Upload,
findvacationrentals.com,Travel,Travel,Alexa,Guest Blogging,Internal Upload,
marriottvacationclub.com,Travel,Travel,Alexa,Guest Blogging,Internal Upload,
disneylandvacationtips.com,Travel,Travel,Alexa,Guest Blogging,Internal Upload,
familyvacationcritic.com,Travel,Travel,Alexa,Guest Blogging,Internal Upload,
thevacationshop.com,Travel,Travel,Alexa,Guest Blogging,Internal Upload,
exclusivegetawayvacations.com,Travel,Travel,Alexa,Guest Blogging,Internal Upload,
universalorlandovacations.com,Travel,Travel,Alexa,Guest Blogging,Internal Upload,
insightvacations.com,Travel,Travel,Alexa,Guest Blogging,Internal Upload,
valuevacationrentals.com,Travel,Travel,Alexa,Guest Blogging,Internal Upload,
majesticmountainvacations.com,Travel,Travel,Alexa,Guest Blogging,Internal Upload,
alltravelingkidsfamilyvacations.com,Travel,Travel,Alexa,Guest Blogging,Internal Upload,
unitedvacations.com,Travel,Travel,Alexa,Guest Blogging,Internal Upload,
1001-vacation-ideas.com,Travel,Travel,Alexa,Guest Blogging,Internal Upload,
vacationhomes.com,Travel,Travel,Alexa,Guest Blogging,Internal Upload,
vacationoutlet.com,Travel,Travel,Alexa,Guest Blogging,Internal Upload,
petvacations.com,Travel,Travel,Alexa,Guest Blogging,Internal Upload,
my-vacationclub.com,Travel,Travel,Alexa,Guest Blogging,Internal Upload,
vacationsurvey.com,Travel,Travel,Alexa,Guest Blogging,Internal Upload,
vacationidea.com,Travel,Travel,Alexa,Guest Blogging,Internal Upload,
holidayvacations.net,Travel,Travel,Alexa,Guest Blogging,Internal Upload,
globaldiscoveryvacations.com,Travel,Travel,Alexa,Guest Blogging,Internal Upload,
vacationsbyrail.com,Travel,Travel,Alexa,Guest Blogging,Internal Upload,
outerbanksvacations.com,Travel,Travel,Alexa,Guest Blogging,Internal Upload,
best-family-beach-vacations.com,Travel,Travel,Alexa,Guest Blogging,Internal Upload,
hiltongrandvacations.com,Travel,Travel,Alexa,Guest Blogging,Internal Upload,
great-oregon-vacations.com,Travel,Travel,Alexa,Guest Blogging,Internal Upload,
resortquestdestinvacations.com,Travel,Travel,Alexa,Guest Blogging,Internal Upload,
crowncruisevacations.com,Travel,Travel,Alexa,Guest Blogging,Internal Upload,
thevacationstore.info,Travel,Travel,Alexa,Guest Blogging,Internal Upload,
resortquestpanamacitybeachvacations.com,Travel,Travel,Alexa,Guest Blogging,Internal Upload,
webvacationportal.com,Travel,Travel,Alexa,Guest Blogging,Internal Upload,
10kvacationrentals.com,Travel,Travel,Alexa,Guest Blogging,Internal Upload,
collinsvacationrentals.com,Travel,Travel,Alexa,Guest Blogging,Internal Upload,
endlessvacation.com,Travel,Travel,Alexa,Guest Blogging,Internal Upload,
michigan-vacation-destination.com,Travel,Travel,Alexa,Guest Blogging,Internal Upload,
weneedavacation.com,Travel,Travel,Alexa,Guest Blogging,Internal Upload,
collettevacations.com,Travel,Travel,Alexa,Guest Blogging,Internal Upload,
hotel-travel-vacation.com,Travel,Travel,Alexa,Guest Blogging,Internal Upload,
soeasyvacation.com,Travel,Travel,Alexa,Guest Blogging,Internal Upload,
cbvacations.com,Travel,Travel,Alexa,Guest Blogging,Internal Upload,
cabinfevervacations.com,Travel,Travel,Alexa,Guest Blogging,Internal Upload,
shellvacationsclub.com,Travel,Travel,Alexa,Guest Blogging,Internal Upload,
vacationist.com,Travel,Travel,Alexa,Guest Blogging,Internal Upload,
lodging4vacations.com,Travel,Travel,Alexa,Guest Blogging,Internal Upload,
familyvacationcritic.com,Travel,Travel,Alexa,Guest Blogging,Internal Upload,
alltravelingkidsfamilyvacations.com,Travel,Travel,Alexa,Guest Blogging,Internal Upload,
destination360.com,Travel,Travel,Alexa,Guest Blogging,Internal Upload,
mydestinationinfo.com,Travel,Travel,Alexa,Guest Blogging,Internal Upload,
smartdestinations.com,Travel,Travel,Alexa,Guest Blogging,Internal Upload,
sacred-destinations.com,Travel,Travel,Alexa,Guest Blogging,Internal Upload,
destination.se,Travel,Travel,Alexa,Guest Blogging,Internal Upload,
destinationcrm.com,Travel,Travel,Alexa,Guest Blogging,Internal Upload,
destinationcoupons.com,Travel,Travel,Alexa,Guest Blogging,Internal Upload,
articledestination.com,Travel,Travel,Alexa,Guest Blogging,Internal Upload,
febreze-destinations.com,Travel,Travel,Alexa,Guest Blogging,Internal Upload,
disneydestinations.com,Travel,Travel,Alexa,Guest Blogging,Internal Upload,
beachdestinations.com,Travel,Travel,Alexa,Guest Blogging,Internal Upload,
destinationnext.com,Travel,Travel,Alexa,Guest Blogging,Internal Upload,
destinationrx.com,Travel,Travel,Alexa,Guest Blogging,Internal Upload,
disney-destinations.com,Travel,Travel,Alexa,Guest Blogging,Internal Upload,
europeandestinations.com,Travel,Travel,Alexa,Guest Blogging,Internal Upload,
michigan-vacation-destination.com,Travel,Travel,Alexa,Guest Blogging,Internal Upload,
destinationhollywood.com,Travel,Travel,Alexa,Guest Blogging,Internal Upload,
plandestination.com,Travel,Travel,Alexa,Guest Blogging,Internal Upload,
worldtravelguide.net,Travel,Travel,Alexa,Guest Blogging,Internal Upload,
mytravelguide.com,Travel,Travel,Alexa,Guest Blogging,Internal Upload,
vivatravelguides.com,Travel,Travel,Alexa,Guest Blogging,Internal Upload,
travelguidesfree.com,Travel,Travel,Alexa,Guest Blogging,Internal Upload,
metrotravelguide.com,Travel,Travel,Alexa,Guest Blogging,Internal Upload,
mountaintravelguide.com,Travel,Travel,Alexa,Guest Blogging,Internal Upload,
googlesightseeing.com,Travel,Travel,Alexa,Guest Blogging,Internal Upload,
newyorksightseeing.com,Travel,Travel,Alexa,Guest Blogging,Internal Upload,
natalie-tours.ru,Travel,Travel,Alexa,Guest Blogging,Internal Upload,
ac-orleans-tours.fr,Travel,Travel,Alexa,Guest Blogging,Internal Upload,
jrtours.co.jp,Travel,Travel,Alexa,Guest Blogging,Internal Upload,
unitours.ru,Travel,Travel,Alexa,Guest Blogging,Internal Upload,
windhorsetours.com,Travel,Travel,Alexa,Guest Blogging,Internal Upload,
chinaodysseytours.com,Travel,Travel,Alexa,Guest Blogging,Internal Upload,
toursanook.com,Travel,Travel,Alexa,Guest Blogging,Internal Upload,
affordabletours.com,Travel,Travel,Alexa,Guest Blogging,Internal Upload,
indiahotelsandtours.com,Travel,Travel,Alexa,Guest Blogging,Internal Upload,
africanoverlandtours.com,Travel,Travel,Alexa,Guest Blogging,Internal Upload,
eximtours.cz,Travel,Travel,Alexa,Guest Blogging,Internal Upload,
seatours.ru,Travel,Travel,Alexa,Guest Blogging,Internal Upload,
univ-tours.fr,Travel,Travel,Alexa,Guest Blogging,Internal Upload,
rainbowtours.pl,Travel,Travel,Alexa,Guest Blogging,Internal Upload,
skytours.nl,Travel,Travel,Alexa,Guest Blogging,Internal Upload,
tours-world.net,Travel,Travel,Alexa,Guest Blogging,Internal Upload,
odeontours.com.tr,Travel,Travel,Alexa,Guest Blogging,Internal Upload,
toursgorilla.com,Travel,Travel,Alexa,Guest Blogging,Internal Upload,
gift-tours.com,Travel,Travel,Alexa,Guest Blogging,Internal Upload,
iretoursandtravels.com,Travel,Travel,Alexa,Guest Blogging,Internal Upload,
factorytoursusa.com,Travel,Travel,Alexa,Guest Blogging,Internal Upload,
eftours.com,Travel,Travel,Alexa,Guest Blogging,Internal Upload,
getours.com,Travel,Travel,Alexa,Guest Blogging,Internal Upload,
inetours.com,Travel,Travel,Alexa,Guest Blogging,Internal Upload,
hauntedamericatours.com,Travel,Travel,Alexa,Guest Blogging,Internal Upload,
goaheadtours.com,Travel,Travel,Alexa,Guest Blogging,Internal Upload,
onlinebanktours.com,Travel,Travel,Alexa,Guest Blogging,Internal Upload,
americantours.com,Travel,Travel,Alexa,Guest Blogging,Internal Upload,
dearlydepartedtours.com,Travel,Travel,Alexa,Guest Blogging,Internal Upload,
starlinetours.com,Travel,Travel,Alexa,Guest Blogging,Internal Upload,
sceptretours.com,Travel,Travel,Alexa,Guest Blogging,Internal Upload,
trolleytours.com,Travel,Travel,Alexa,Guest Blogging,Internal Upload,
trustedtours.com,Travel,Travel,Alexa,Guest Blogging,Internal Upload,
collettetours.com,Travel,Travel,Alexa,Guest Blogging,Internal Upload,
forttours.com,Travel,Travel,Alexa,Guest Blogging,Internal Upload,
alaskatours.com,Travel,Travel,Alexa,Guest Blogging,Internal Upload,
villagetours.net,Travel,Travel,Alexa,Guest Blogging,Internal Upload,
alllasvegastours.com,Travel,Travel,Alexa,Guest Blogging,Internal Upload,
mangotours.com,Travel,Travel,Alexa,Guest Blogging,Internal Upload,
panoramatours.com,Travel,Travel,Alexa,Guest Blogging,Internal Upload,
nolitours.com,Travel,Travel,Alexa,Guest Blogging,Internal Upload,
budgettravel.com,Travel,Travel,Alexa,Guest Blogging,Internal Upload,
starsgrouptravel.com,Travel,Travel,Alexa,Guest Blogging,Internal Upload,
grouptravel.com,Travel,Travel,Alexa,Guest Blogging,Internal Upload,
4adventure.com,Travel,Travel,Alexa,Guest Blogging,Internal Upload,
pacinosadventures.com,Travel,Travel,Alexa,Guest Blogging,Internal Upload,
mspaintadventures.com,Travel,Travel,Alexa,Guest Blogging,Internal Upload,
realadventures.com,Travel,Travel,Alexa,Guest Blogging,Internal Upload,
articleadventure.com,Travel,Travel,Alexa,Guest Blogging,Internal Upload,
gapadventures.com,Travel,Travel,Alexa,Guest Blogging,Internal Upload,
everyday-adventurer.blogspot.com,Travel,Travel,Alexa,Guest Blogging,Internal Upload,
adventuregamers.com,Travel,Travel,Alexa,Guest Blogging,Internal Upload,
adaringadventure.com,Travel,Travel,Alexa,Guest Blogging,Internal Upload,
adventuresportsholidays.com,Travel,Travel,Alexa,Guest Blogging,Internal Upload,
doctoradventures.com,Travel,Travel,Alexa,Guest Blogging,Internal Upload,
adventuredevelopers.com,Travel,Travel,Alexa,Guest Blogging,Internal Upload,
thedoctoreadventures.com,Travel,Travel,Alexa,Guest Blogging,Internal Upload,
theadventurelife.org,Travel,Travel,Alexa,Guest Blogging,Internal Upload,
adventurecycling.org,Travel,Travel,Alexa,Guest Blogging,Internal Upload,
bustyadventures.com,Travel,Travel,Alexa,Guest Blogging,Internal Upload,
adventuresplanet.it,Travel,Travel,Alexa,Guest Blogging,Internal Upload,
justadventure.com,Travel,Travel,Alexa,Guest Blogging,Internal Upload,
wildadventures.com,Travel,Travel,Alexa,Guest Blogging,Internal Upload,
adventurerv.net,Travel,Travel,Alexa,Guest Blogging,Internal Upload,
knowledgeadventure.com,Travel,Travel,Alexa,Guest Blogging,Internal Upload,
bookadventure.com,Travel,Travel,Alexa,Guest Blogging,Internal Upload,
adventureisland.com,Travel,Travel,Alexa,Guest Blogging,Internal Upload,
bareadventures.com,Travel,Travel,Alexa,Guest Blogging,Internal Upload,
adventurecon.com,Travel,Travel,Alexa,Guest Blogging,Internal Upload,
adventurelanding.com,Travel,Travel,Alexa,Guest Blogging,Internal Upload,
publicadventures.net,Travel,Travel,Alexa,Guest Blogging,Internal Upload,
surplusandadventure.com,Travel,Travel,Alexa,Guest Blogging,Internal Upload,
debtfreeadventure.com,Travel,Travel,Alexa,Guest Blogging,Internal Upload,
miadventure.com,Travel,Travel,Alexa,Guest Blogging,Internal Upload,
adventuresportsonline.com,Travel,Travel,Alexa,Guest Blogging,Internal Upload,
alabamaadventure.com,Travel,Travel,Alexa,Guest Blogging,Internal Upload,
wildadventures.net,Travel,Travel,Alexa,Guest Blogging,Internal Upload,
electronicadventure.us,Travel,Travel,Alexa,Guest Blogging,Internal Upload,
adventuretradingrv.com,Travel,Travel,Alexa,Guest Blogging,Internal Upload,
bcadventure.com,Travel,Travel,Alexa,Guest Blogging,Internal Upload,
traveladventures.org,Travel,Travel,Alexa,Guest Blogging,Internal Upload,
offroadadventures.com,Travel,Travel,Alexa,Guest Blogging,Internal Upload,
bigsplashadventure.com,Travel,Travel,Alexa,Guest Blogging,Internal Upload,
adventuredome.com,Travel,Travel,Alexa,Guest Blogging,Internal Upload,
halloweenadventure.com,Travel,Travel,Alexa,Guest Blogging,Internal Upload,
adventurehd.com,Travel,Travel,Alexa,Guest Blogging,Internal Upload,
adventurecenter.com,Travel,Travel,Alexa,Guest Blogging,Internal Upload,
bookingadventure.com,Travel,Travel,Alexa,Guest Blogging,Internal Upload,
travelagentcentral.com,Travel,Travel,Alexa,Guest Blogging,Internal Upload,
northmyrtlebeachtravel.com,Travel,Travel,Alexa,Guest Blogging,Internal Upload,
wow-europe.com,Travel,Travel,Alexa,Guest Blogging,Internal Upload,
mozilla-europe.org,Travel,Travel,Alexa,Guest Blogging,Internal Upload,
hosteurope.de,Travel,Travel,Alexa,Guest Blogging,Internal Upload,
canon-europe.com,Travel,Travel,Alexa,Guest Blogging,Internal Upload,
toshiba-europe.com,Travel,Travel,Alexa,Guest Blogging,Internal Upload,
europe1400.com,Travel,Travel,Alexa,Guest Blogging,Internal Upload,
europe1.fr,Travel,Travel,Alexa,Guest Blogging,Internal Upload,
sony-europe.com,Travel,Travel,Alexa,Guest Blogging,Internal Upload,
europeantour.com,Travel,Travel,Alexa,Guest Blogging,Internal Upload,
epson-europe.com,Travel,Travel,Alexa,Guest Blogging,Internal Upload,
european-swingers.eu,Travel,Travel,Alexa,Guest Blogging,Internal Upload,
europeansafelist.com,Travel,Travel,Alexa,Guest Blogging,Internal Upload,
raileurope.com,Travel,Travel,Alexa,Guest Blogging,Internal Upload,
casio-europe.com,Travel,Travel,Alexa,Guest Blogging,Internal Upload,
european-business-connect.de,Travel,Travel,Alexa,Guest Blogging,Internal Upload,
europeregistry.com,Travel,Travel,Alexa,Guest Blogging,Internal Upload,
bizeurope.com,Travel,Travel,Alexa,Guest Blogging,Internal Upload,
europe-nikon.com,Travel,Travel,Alexa,Guest Blogging,Internal Upload,
chevroleteurope.com,Travel,Travel,Alexa,Guest Blogging,Internal Upload,
europelowcost.com,Travel,Travel,Alexa,Guest Blogging,Internal Upload,
europe-machinery.fr,Travel,Travel,Alexa,Guest Blogging,Internal Upload,
tenniswarehouse-europe.com,Travel,Travel,Alexa,Guest Blogging,Internal Upload,
raileurope.co.uk,Travel,Travel,Alexa,Guest Blogging,Internal Upload,
war-europe.com,Travel,Travel,Alexa,Guest Blogging,Internal Upload,
toyota-europe.com,Travel,Travel,Alexa,Guest Blogging,Internal Upload,
traveleurope.it,Travel,Travel,Alexa,Guest Blogging,Internal Upload,
europeforvisitors.com,Travel,Travel,Alexa,Guest Blogging,Internal Upload,
nintendo-europe.com,Travel,Travel,Alexa,Guest Blogging,Internal Upload,
hermes-europe.de,Travel,Travel,Alexa,Guest Blogging,Internal Upload,
autoeurope.com,Travel,Travel,Alexa,Guest Blogging,Internal Upload,
visaeurope.com,Travel,Travel,Alexa,Guest Blogging,Internal Upload,
footlocker-europe.com,Travel,Travel,Alexa,Guest Blogging,Internal Upload,
traveleurope.com,Travel,Travel,Alexa,Guest Blogging,Internal Upload,
europeupclose.com,Travel,Travel,Alexa,Guest Blogging,Internal Upload,
escpeurope.eu,Travel,Travel,Alexa,Guest Blogging,Internal Upload,
affeurope.com,Travel,Travel,Alexa,Guest Blogging,Internal Upload,
b-europe.com,Travel,Travel,Alexa,Guest Blogging,Internal Upload,
auto-europe.co.uk,Travel,Travel,Alexa,Guest Blogging,Internal Upload,
theeuropean.de,Travel,Travel,Alexa,Guest Blogging,Internal Upload,
alpine-europe.com,Travel,Travel,Alexa,Guest Blogging,Internal Upload,
european-patent-office.org,Travel,Travel,Alexa,Guest Blogging,Internal Upload,
xineurope.com,Travel,Travel,Alexa,Guest Blogging,Internal Upload,
europealacarte.co.uk,Travel,Travel,Alexa,Guest Blogging,Internal Upload,
linkeurope.info,Travel,Travel,Alexa,Guest Blogging,Internal Upload,
ebceurope.com,Travel,Travel,Alexa,Guest Blogging,Internal Upload,
sonystyle-europe.com,Travel,Travel,Alexa,Guest Blogging,Internal Upload,
europeancarweb.com,Travel,Travel,Alexa,Guest Blogging,Internal Upload,
linkeuropean.info,Travel,Travel,Alexa,Guest Blogging,Internal Upload,
europevacations.com,Travel,Travel,Alexa,Guest Blogging,Internal Upload,
visiteurope.com,Travel,Travel,Alexa,Guest Blogging,Internal Upload,
artofeurope.com,Travel,Travel,Alexa,Guest Blogging,Internal Upload,
europe-cities.com,Travel,Travel,Alexa,Guest Blogging,Internal Upload,
europeandestinations.com,Travel,Travel,Alexa,Guest Blogging,Internal Upload,
ballineurope.com,Travel,Travel,Alexa,Guest Blogging,Internal Upload,
holidaycityeurope.com,Travel,Travel,Alexa,Guest Blogging,Internal Upload,
1800flyeurope.com,Travel,Travel,Alexa,Guest Blogging,Internal Upload,
enjoy-europe.com,Travel,Travel,Alexa,Guest Blogging,Internal Upload,
welcomeurope.com,Travel,Travel,Alexa,Guest Blogging,Internal Upload,
touchofeurope.net,Travel,Travel,Alexa,Guest Blogging,Internal Upload,
europenews.dk,Travel,Travel,Alexa,Guest Blogging,Internal Upload,
frugaltheme.com,Travel,Travel,Alexa,Guest Blogging,Internal Upload,
frugaldad.com,Travel,Travel,Alexa,Guest Blogging,Internal Upload,
thefrugallife.com,Travel,Travel,Alexa,Guest Blogging,Internal Upload,
beingfrugal.net,Travel,Travel,Alexa,Guest Blogging,Internal Upload,
frugalvillage.com,Travel,Travel,Alexa,Guest Blogging,Internal Upload,
frugalmechanic.com,Travel,Travel,Alexa,Guest Blogging,Internal Upload,
frugalbride.com,Travel,Travel,Alexa,Guest Blogging,Internal Upload,
befrugal.com,Travel,Travel,Alexa,Guest Blogging,Internal Upload,
thefrugalshopper.com,Travel,Travel,Alexa,Guest Blogging,Internal Upload,
allthingsfrugal.com,Travel,Travel,Alexa,Guest Blogging,Internal Upload,
thefrugalgirls.com,Travel,Travel,Alexa,Guest Blogging,Internal Upload,
thefrugalfind.com,Travel,Travel,Alexa,Guest Blogging,Internal Upload,
frugal-cafe.com,Travel,Travel,Alexa,Guest Blogging,Internal Upload,
bermudatourism.com,Travel,Travel,Alexa,Guest Blogging,Internal Upload,
bermuda-online.org,Travel,Travel,Alexa,Guest Blogging,Internal Upload,
tommybahama.com,Travel,Travel,Alexa,Guest Blogging,Internal Upload,
bahamas.com,Travel,Travel,Alexa,Guest Blogging,Internal Upload,
gobahamascruise.com,Travel,Travel,Alexa,Guest Blogging,Internal Upload,
bahamabreeze.com,Travel,Travel,Alexa,Guest Blogging,Internal Upload,
