Domain,,,,,,
http://slimbedrijvenvinden.nl/?q=&c=Amsterdam,,,,,,
http://dagensmedicin.dk/kontakt-os/,,,,,,
http://najmh.org/%e5%85%b3%e4%ba%8e%e6%88%91%e4%bb%ac/,,,,,,
http://worldtraining.net/miss.html,,,,,,
http://mesamedicalgroup.com/ContactMESA.aspx,,,,,,
http://futurehealthbiobank.ro,,,,,,
http://gilisting.com/glycemic-index/,,,,,,
http://hidebox.org/mail/vnubmyi-ttyj-spy-2014089287,,,,,,
http://timesunion.com/help/,,,,,,
http://sulfabittas.com/hotvybz/news.html,,,,,,
http://medicalabortionconsortium.org/what-we-are.html,,,,,,
http://eddsummit.com,,,,,,
http://cannabisnews.com,,,,,,
http://djpromoking.com,,,,,,
http://dctc.edu/admissions/visit-the-college/contact-us/find-people/,,,,,,
http://biostem.eu/ru/services/,,,,,,
http://fusionone.org,,,,,,
http://xn--szgedm-xxad.hu,,,,,,
http://slimbedrijvenvinden.nl/?q=&c=Almere,,,,,,
http://slate.com,,,,,,
http://envirocivil.com/environmental-organizations/,,,,,,
http://microbiana.org,,,,,,
http://dctc.edu/admissions/visit-the-college/contact-us/find-people/,,,,,,
http://amu.edu.pl/kontakt,,,,,,
http://vascular.hu,,,,,,
http://momouta.org/windmill/,,,,,,
http://gusmanpt.com,,,,,,
http://getfittogolf.com/introduction/join.cfm,,,,,,
http://tulane.edu/a-to-z.cfm,,,,,,
http://dctc.edu/admissions/visit-the-college/contact-us/find-people/,,,,,,
http://distributedcomputing.info,,,,,,
http://askican.org/atglance.html,,,,,,
http://online-utility.org,,,,,,
http://vancouverswimclub.com/Contact.jsp?team=vsc,,,,,,
http://pharmaceuticalconferences.com/green-chemistry-2014/,,,,,,
http://asianpharmacongress.com,,,,,,
http://bcmets.org/archive/2014/1,,,,,,
http://medicalabortionconsortium.org/what-we-are.html,,,,,,
http://showardlaw.com,,,,,,
http://fizteh.ru,,,,,,
http://soundcolourvibration.com/about/,,,,,,
http://nami.org/Template.cfm?Section=Home&template=/ContentManagement/ContentDisplay.cfm&ContentID=166416,,,,,,
http://dctc.edu/admissions/visit-the-college/contact-us/find-people/,,,,,,
http://wjhl.com,,,,,,
http://bcmets.org/archive/2014/1,,,,,,
http://nrk.no/verden/parorende-truer-med-sultestreik-1.11612910,,,,,,
http://huntingdon.edu/aboutStaff.aspx,,,,,,
http://snpha.org/About.aspx,,,,,,
http://pdsa.org/index.php/component/comprofiler/registers,,,,,,
http://polentone.ru/map.shtm,,,,,,
http://wnem.com,,,,,,
http://communityhealthdayton.org,,,,,,
http://phystech.edu,,,,,,
http://txstate.edu/admissions-redirect.html,,,,,,
http://deltavilleva.biz,,,,,,
http://rabbitnet.com.br/mrtg/eth0.html,,,,,,
http://growupclinic.com,,,,,,
http://dctc.edu/admissions/visit-the-college/contact-us/find-people/,,,,,,
http://saludmed.com,,,,,,
http://biorf.ru/catalog.aspx?cat_id=132,,,,,,
http://newforks.net/press.html,,,,,,
http://spundge.com/@/,,,,,,
http://huntingdon.edu/aboutStaff.aspx,,,,,,
http://clickallcareers.com,,,,,,
http://ptandperformance.com,,,,,,
http://e-xecutive.ru,,,,,,
http://versioneo.com,,,,,,
http://mag.org/about-us/,,,,,,
http://bcmets.org/archive/2014/2,,,,,,
http://hcpro.com/about/hcpro.cfm,,,,,,
http://bcmets.org/archive/2014/1,,,,,,
http://cielquis.net,,,,,,
http://dctc.edu/admissions/visit-the-college/contact-us/find-people/,,,,,,
http://dctc.edu/admissions/visit-the-college/contact-us/find-people/,,,,,,
http://semantelli.com/pharma/contact,,,,,,
http://slimbedrijvenvinden.nl/?q=&c=Amersfoort,,,,,,
http://mlive.com,,,,,,
http://k-hub.in/Contactus,,,,,,
http://dctc.edu/admissions/visit-the-college/contact-us/find-people/,,,,,,
http://medportal.ru/about/,,,,,,
http://multichannel.com/content/contact-us,,,,,,
http://drbenharris.com,,,,,,
http://starenie.ru/kontakti/index.php,,,,,,
http://lifehack.org,,,,,,
http://carsaledirectory.com/carforsale/,,,,,,
http://huntingdon.edu/aboutStaff.aspx,,,,,,
http://dctc.edu/admissions/visit-the-college/contact-us/find-people/,,,,,,
http://wcgworld.com/contact,,,,,,
http://thefishsite.com/forums,,,,,,
http://holaciudad.com,,,,,,
http://tulane.edu/a-to-z.cfm,,,,,,
http://psihologie.ro,,,,,,
http://hsoub.com/,,,,,,
http://dctc.edu/admissions/visit-the-college/contact-us/find-people/,,,,,,
http://bcmets.org/archive/2014/2,,,,,,
http://zaratemedicalgroup.com/about.html,,,,,,
http://lef.org/Vitamins-Supplements/Shipping/Shipping-Information.htm,,,,,,
http://newbeauty.nl,,,,,,
http://dctc.edu/admissions/visit-the-college/contact-us/find-people/,,,,,,
http://funworld.be/humor.htm,,,,,,
http://dctc.edu,,,,,,
http://sdsu.edu,,,,,,
http://pearsall-family.org,,,,,,
http://cmtausa.org/index.php?option=com_community&view=frontpage&Itemid=31,,,,,,
http://peoplewithms.com/Chat/,,,,,,
http://annuaire-siteweb.com,,,,,,
http://holbornmedicalcentre.com/contact1.aspx?p=F83058,,,,,,
http://slimbedrijvenvinden.nl/?q=&c=Amsterdam,,,,,,
http://lass.org.uk,,,,,,
http://msdiscovery.org,,,,,,
http://celestiaradio.com,,,,,,
http://hepatos.hr,,,,,,
http://drugdiscovery-summit1.com/speakers/,,,,,,
http://nsta.org,,,,,,
http://townsendletter.com,,,,,,
http://4114dentalplans.com,,,,,,
http://hatena.ne.jp,,,,,,
http://dctc.edu/admissions/visit-the-college/contact-us/find-people/,,,,,,
http://theartofhealing.com.au/calendar1.htm,,,,,,
http://kean.edu/Filter/Faculty,,,,,,
http://neomedia.info,,,,,,
http://gru.edu/trends/photos/,,,,,,
http://klikk.no,,,,,,
http://yousaytoo.com/users,,,,,,
http://huntingdon.edu/aboutStaff.aspx,,,,,,
http://playhousedesigns.com,,,,,,
http://hindu.org/modules/wfchannel/index.php?wfc_cid=2,,,,,,
http://dctc.edu/admissions/visit-the-college/contact-us/find-people/,,,,,,
http://medzone.ru/31/,,,,,,
http://homecompanionservices.com/contact.htm,,,,,,
http://foodsmiths.com/store_policies.asp?StoreID=AFAD58D0F8C44341BC87E842D9594B64,,,,,,
http://charman-anderson.com,,,,,,
http://holistichealthnetworker.com,,,,,,
http://fico.be/be/Nieuws/,,,,,,
http://recipe.ru,,,,,,
http://assh.org/media,,,,,,
http://martialtalk.com/modteam,,,,,,
http://newenglandchristiancourier.info,,,,,,
http://medicaldevicejobsonline.com,,,,,,
http://gjswebservices.co.uk,,,,,,
http://evms.edu/about_evms/directory/,,,,,,
http://dctc.edu/admissions/visit-the-college/contact-us/find-people/,,,,,,
http://car-light.org,,,,,,
http://martialtalk.com/modteam,,,,,,
http://edp-audio.fr,,,,,,
http://biotechnologycongress.com,,,,,,
http://timesunion.com/help/,,,,,,
http://garibaldi-gay.com,,,,,,
http://amu.edu.pl/kontakt,,,,,,
http://upm.edu.ph,,,,,,
http://estheticienne.nl,,,,,,
http://fico.be/be/Nieuws/,,,,,,
http://pulmonaryfibrosis.org/contact,,,,,,
http://minnpost.com/minnroast,,,,,,
http://niteshareforums.com/contact.htm,,,,,,
http://sigmanord.no,,,,,,
http://dctc.edu/admissions/visit-the-college/contact-us/find-people/,,,,,,
http://yourparenting.co.za/magazine-issues/your-pregnancy/your-pregnancy-february-march-2014,,,,,,
http://northwestarkansasaquatics.org/Contact.jsp?team=arnaa,,,,,,
http://awarephysicaltherapy.com,,,,,,
http://mtmsal.com,,,,,,
http://diersklinik.dk,,,,,,
http://foodallergybuzz.com,,,,,,
http://wikidoc.org/index.php/Get_involved,,,,,,
http://fahsa.org/displaycommon.cfm?an=1&subarticlenbr=5,,,,,,
http://huntingdon.edu/aboutStaff.aspx,,,,,,
http://boachance.org,,,,,,
http://huntingdon.edu/aboutStaff.aspx,,,,,,
http://theartofhealing.com.au/calendar1.htm,,,,,,
http://kisalfold.hu,,,,,,
http://mandbf.org/join-the-network,,,,,,
http://lukesarmy.com,,,,,,
http://hidebox.org/mail/vnubmyi-ttyj-spy-2014089287,,,,,,
http://medicalabortionconsortium.org/what-we-are.html,,,,,,
http://intelligentair.com,,,,,,
http://psypress.ru,,,,,,
http://aljans.by,,,,,,
http://mattecheck.com/about-us/our-team/,,,,,,
http://washingtonpost.com/opinions,,,,,,
http://washingtonpost.com/opinions,,,,,,
http://newsletterunlimited.com/category/34/apparel/,,,,,,
http://askican.org/contact.html,,,,,,
http://rytmserca.org.pl/_pages/_constant/ludzie.htm,,,,,,
http://wbresearch.com/contactinfo.aspx,,,,,,
http://ciws.info,,,,,,
http://cannabisnews.com,,,,,,
http://dctc.edu/admissions/visit-the-college/contact-us/find-people/,,,,,,
http://sacfs.asn.au,,,,,,
http://newsondeals.com/yellowpages-2.html,,,,,,
http://awfulgrace.org,,,,,,
http://gcsu.edu,,,,,,
http://nurture.co.za,,,,,,
http://moscowuniversityclub.ru/home.asp?artId=3,,,,,,
http://dctc.edu/admissions/visit-the-college/contact-us/find-people/,,,,,,
http://washingtonpost.com/opinions,,,,,,
http://huntingdon.edu/aboutStaff.aspx,,,,,,
http://huntingdon.edu/aboutStaff.aspx,,,,,,
http://theihk.org/useful-links.php,,,,,,
http://dctc.edu/admissions/visit-the-college/contact-us/find-people/,,,,,,
http://timesunion.com/help/,,,,,,
http://mq.edu.au/business_and_community/employers,,,,,,
http://gru.edu/diversity/,,,,,,
http://carsaledirectory.com/carforsale/,,,,,,
http://oocities.org/geocities-archive/1.htm,,,,,,
http://futura.ru,,,,,,
http://infostar.com,,,,,,
http://alturos.com,,,,,,
http://dctc.edu/admissions/visit-the-college/contact-us/find-people/,,,,,,
http://twgrm.org,,,,,,
http://skane.se/sv/Stodfunktioner/Kontakt/,,,,,,
http://trtn.net,,,,,,
http://dctc.edu/admissions/visit-the-college/contact-us/find-people/,,,,,,
http://slyszymy.pl,,,,,,
http://a-medic.com,,,,,,
http://bazhua.org,,,,,,
http://wjhl.com/category/256630/interactive-radar,,,,,,
http://washingtonpost.com/sports,,,,,,
http://clinicalit-congress.com,,,,,,
http://stopsmoking-tips.org,,,,,,
http://budzdor.com/about/,,,,,,
http://jwvf.org/photo-gallery.html,,,,,,
http://texmed.net/PracticeHelp,,,,,,
http://automotoronline.com,,,,,,
http://tcnhd.com/tcnhd,,,,,,
http://hidebox.org,,,,,,
http://pandemi.se,,,,,,
http://uniqueentertainment.ca,,,,,,
http://wamss.org.au/students/publications/newsletter,,,,,,
http://forzackssake.org/dreambook.htm,,,,,,
http://ethnos.gr/summary.asp?catid=22767,,,,,,
http://kjmtx.com/careers.htm,,,,,,
http://rochlinlaw.com/our-lawyers,,,,,,
http://townsendletter.com,,,,,,
http://lifeinnh.com/Arts.html,,,,,,
http://assh.org/media,,,,,,
http://huntingdon.edu/aboutStaff.aspx,,,,,,
http://synthasite.com,,,,,,
http://ardentpt.com/home/,,,,,,
http://addresources.org/adhd-support-groups-meetups,,,,,,
http://mediprobe.co.in,,,,,,
http://townsendletter.com/conferencecalendar.htm,,,,,,
http://dctc.edu/admissions/visit-the-college/contact-us/find-people/,,,,,,
http://gtcinsight.com,,,,,,
http://bensfriends.org,,,,,,
http://snap.pn/theapp,,,,,,
http://real-time.com,,,,,,
http://haxton.org,,,,,,
http://waterfixers.com/contactus.html,,,,,,
http://northwestarkansasaquatics.org/Contact.jsp?team=arnaa,,,,,,
http://mikewyn.com,,,,,,
http://tulane.edu/a-to-z.cfm,,,,,,
http://discovermagazine.com/readerservices,,,,,,
http://irrationallyinformed.com,,,,,,
http://iynaus.org,,,,,,
http://bigco.com,,,,,,
http://dctc.edu/admissions/visit-the-college/contact-us/find-people/,,,,,,
http://canbygators.com/Contact.jsp?team=oscsb,,,,,,
http://huisgenoot.com,,,,,,
http://augis.org/affiliates/index.htm,,,,,,
http://stetoscop.ro/evenimente/,,,,,,
http://usembassy.gov/contact.html,,,,,,
http://medimet.co.kr,,,,,,
http://wisc.edu/contact.php,,,,,,
http://ipublish.no,,,,,,
http://bcmets.org/archive/2014/1,,,,,,
http://docdigest.com,,,,,,
http://townsendletter.com,,,,,,
http://neomedia.info/kontakt,,,,,,
http://loxblog.com/signup.php,,,,,,
http://medportal.ru/about/,,,,,,
http://psikiyatripsikoterapi.com,,,,,,
http://maaddsg.org,,,,,,
http://965kvki.com/help/,,,,,,
http://slimbedrijvenvinden.nl/?q=&c=Almere,,,,,,
http://geabc.com/about/contact.html,,,,,,
http://yousaytoo.com/users,,,,,,
http://wbtw.com,,,,,,
http://estampas.com/entretenimiento/140316/una-historia-de-violencia-sin-armas,,,,,,
http://news.am,,,,,,
http://huntingdon.edu/aboutStaff.aspx,,,,,,
http://bangladeshfirst24.com,,,,,,
http://holistichealthnetworker.com,,,,,,
http://on3dprinting.com/guest-posts/,,,,,,
http://webicina.com,,,,,,
http://mediawebsite.net,,,,,,
http://hudsoninhomept.com,,,,,,
http://fromthewilderness.com/ftw_alert.shtml,,,,,,
http://cmo.com,,,,,,
http://pharmaks.com/mailman/listinfo/pharma_pharmaks.com,,,,,,
http://prescribohomeopatia.com,,,,,,
http://dctc.edu/admissions/visit-the-college/contact-us/find-people/,,,,,,
http://socialtimes.com,,,,,,
http://scoops.co,,,,,,
http://envirocivil.com/environmental-organizations/,,,,,,
http://impactspace.org/about,,,,,,
http://pharmaconf.com/corporate/contact.cfm,,,,,,
http://medez.com/faq.html,,,,,,
http://deadspin.com,,,,,,
http://dreddyclinic.com,,,,,,
http://mississaugapets.com/animalshelters.html,,,,,,
http://bestneurologyclinic.com/documents/about.html,,,,,,
http://unh.edu/main/administrative-units,,,,,,
http://bcmets.org/archive/2014/1,,,,,,
http://afroindiamedical.com,,,,,,
http://stanford.edu,,,,,,
http://multichannel.com/content/contact-us,,,,,,
http://bioportfolio.com/info/advertise,,,,,,
http://slimbedrijvenvinden.nl/?q=&c=Almere,,,,,,
http://yousaytoo.com/users,,,,,,
http://upm.edu.ph,,,,,,
http://flogiston-med.ru,,,,,,
http://house-sparrow.com,,,,,,
http://lifescript.com,,,,,,
http://murmanmed.ru,,,,,,
http://academic-genealogy.com,,,,,,
http://trap.it/about,,,,,,
http://abeceder.net/contact.php,,,,,,
http://on3dprinting.com/about/,,,,,,
http://lowerpressure.com/=http:/www.lowerpressure.com/coffee-may-cut-womens-stroke-risk/?administer_redirect_9=http://www.resperate.co.uk/?utm_source=www.lowerpressure.com&utm_medium=corp.&utm_content=header_banner&utm_campaign=detail_banner,,,,,,
http://deltavilleva.biz/boating.aspx,,,,,,
http://biorf.ru/catalog.aspx?cat_id=132,,,,,,
http://neomedia.info/kontakt,,,,,,
http://consultoriosdevisa.com/contact.htm,,,,,,
http://house-sparrow.com,,,,,,
http://medportal.ge/index.php?act=service,,,,,,
http://bioon.com,,,,,,
http://oocities.org/geocities-archive/3.htm,,,,,,
http://safaids.net,,,,,,
http://hidebox.org,,,,,,
http://southfieldfun.com/contact,,,,,,
http://wbresearch.com/contactinfo.aspx,,,,,,
http://zhildom.ru/node/4,,,,,,
http://lifescript.com,,,,,,
http://lepdata.org/monteiro/people.html,,,,,,
http://sciencespeaksblog.org,,,,,,
http://bcmets.org/archive/2014/1,,,,,,
http://dctc.edu/admissions/visit-the-college/contact-us/find-people/,,,,,,
http://lavapt.com,,,,,,
http://mississaugapets.com/animalshelters.html,,,,,,
http://sle.dk/article/diagnosenetvaerket/sle-midt.aspx,,,,,,
http://hatena.ne.jp,,,,,,
http://huntingdon.edu/aboutStaff.aspx,,,,,,
http://meridianenergies.net/biophoton-therapy/,,,,,,
http://pulmonaryfibrosis.org/contact,,,,,,
http://examiner.com#content-wrapper,,,,,,
http://pharmagona.com/page5.html,,,,,,
http://dctc.edu/admissions/visit-the-college/contact-us/find-people/,,,,,,
http://washingtonpost.com/opinions,,,,,,
http://dctc.edu/admissions/visit-the-college/contact-us/find-people/,,,,,,
http://green-smoothies.eu,,,,,,
http://hidebox.org,,,,,,
http://progressiveconvergence.com/ACIPvsFDAPressRelease.htm,,,,,,
http://jmunion.org/aboutus/welcome.aspx,,,,,,
http://dctc.edu/admissions/visit-the-college/contact-us/find-people/,,,,,,
http://bentley.edu/directory,,,,,,
http://huntingdon.edu/aboutStaff.aspx,,,,,,
http://seriousmentalillness.net,,,,,,
http://lepdata.org/monteiro/people.html,,,,,,
http://site-book.net,,,,,,
http://gemabank.cn,,,,,,
http://z6mag.com/about-z6,,,,,,
http://evms.edu/about_evms/directory/,,,,,,
http://blog.hr/edit/?page=forgotten_password,,,,,,
http://covivia.com/index.php?vMenu=31_37&vOptions=bulletins,,,,,,
http://newschannel5.com/story/5845211/rss-feeds-from-newschannel-5,,,,,,
http://ifis.org,,,,,,
http://healthlinks.net/search.html,,,,,,
http://bcmets.org/archive/2014/1,,,,,,
http://photomedicine.ru,,,,,,
http://photomedicine.ru,,,,,,
http://newsfollowup.com,,,,,,
http://neboley.com.ua,,,,,,
http://dctc.edu/admissions/visit-the-college/contact-us/find-people/,,,,,,
http://bcmets.org/archive/2014/3,,,,,,
http://huntingdon.edu/aboutStaff.aspx,,,,,,
http://emarketer.com/About/ContactUs,,,,,,
http://washingtonpost.com/opinions,,,,,,
http://atlasphysicaltherapynj.com,,,,,,
http://msweb.nl,,,,,,
http://vietyouth.net,,,,,,
http://bcmets.org/archive/2014/3,,,,,,
http://huntingdon.edu/aboutStaff.aspx,,,,,,
http://wbtw.com,,,,,,
http://rascalsfoundation.org,,,,,,
http://webicina.com,,,,,,
http://cancerhelps.com,,,,,,
http://sullivan.edu,,,,,,
http://4114dentalplans.com/brochure.html,,,,,,
http://deltavilleva.biz/boating.aspx,,,,,,
http://dctc.edu/admissions/visit-the-college/contact-us/find-people/,,,,,,
http://braintalkcommunities.org,,,,,,
http://coimbatoreima.com/contact.php,,,,,,
http://ekstrabladet.dk,,,,,,
http://vancouverswimclub.com/Contact.jsp?team=vsc,,,,,,
http://huntingdon.edu/aboutStaff.aspx,,,,,,
http://xn----btbetb7bdampt0k.xn--p1ai/index/nashi_specialisty/0-4,,,,,,
http://finroad.com,,,,,,
http://thehealthcareblog.com,,,,,,
http://afroindiamedical.com/ContactUs.aspx,,,,,,
http://mlive.com,,,,,,
http://medistates.com/3.html,,,,,,
http://usowls.com/cafe.htm,,,,,,
http://snpha.org/About.aspx,,,,,,
http://bcmets.org/archive/2014/1,,,,,,
http://huntingdon.edu/aboutStaff.aspx,,,,,,
http://mlive.com,,,,,,
http://huntingdon.edu/aboutStaff.aspx,,,,,,
http://biorf.ru/catalog.aspx?cat_id=133,,,,,,
http://hearingreview.com,,,,,,
http://dctc.edu/admissions/visit-the-college/contact-us/find-people/,,,,,,
http://medportal.ru/about/,,,,,,
http://ekstrabladet.dk,,,,,,
http://augis.org/trainees/trainees.htm,,,,,,
http://medprosvita.com.ua/kontaktyi,,,,,,
http://digitalpharmaseries.com/howto_partner.php,,,,,,
http://dctc.edu/admissions/visit-the-college/contact-us/find-people/,,,,,,
http://rismedia.com/about-us/our-team/,,,,,,
http://sges.in,,,,,,
http://marcumllp.com/news_events/blogs,,,,,,
http://elsevierauthors.com,,,,,,
http://aicasa.net/node/895,,,,,,
http://canbygators.com/Contact.jsp?team=oscsb,,,,,,
http://newsletterunlimited.com/category/89/advertising/,,,,,,
http://szfo.hu,,,,,,
http://chlorella-world.com/contact-us-2-w.asp,,,,,,
http://allcaretherapy.com,,,,,,
http://timesunion.com/help/,,,,,,
http://lifescript.com,,,,,,
http://txstate.edu/campuslife-redirect.html,,,,,,
http://oocities.org/geocities-archive/1.htm,,,,,,
http://mdcareercenter.com/page/about-us,,,,,,
http://forzackssake.org/dreambook.htm,,,,,,
http://lifescript.com,,,,,,
http://washingtonpost.com/opinions,,,,,,
http://linkpharmacy.co.za/pharmacy_list/view/waterstone_pharmacy,,,,,,
http://washingtonpost.com/sports,,,,,,
http://bcmets.org/archive/2014/1,,,,,,
http://huntingdon.edu/aboutStaff.aspx,,,,,,
http://vdoctors.net,,,,,,
http://omc.edu.om/jobvac.html,,,,,,
http://snpha.org,,,,,,
http://dctc.edu/admissions/visit-the-college/contact-us/find-people/,,,,,,
http://mobify.me/solutions/e-commerce/,,,,,,
http://truth11.com,,,,,,
http://dreddyclinic.com,,,,,,
http://teadrinking.com/Version%20Chinese/home_ch.html,,,,,,
http://covivia.com,,,,,,
http://washingtonpost.com/sports,,,,,,
http://unh.edu/main/administrative-units,,,,,,
http://tulane.edu/a-to-z.cfm,,,,,,
http://ntvg.nl/over_ntvg/privacyreglement#3,,,,,,
http://pafp.com/pafpcom.aspx?id=44,,,,,,
http://hcvanonymous.com,,,,,,
http://amu.edu.pl/kontakt,,,,,,
http://origoakupunktur.dk/NewKontakt.php,,,,,,
http://dctc.edu/admissions/visit-the-college/contact-us/find-people/,,,,,,
http://pharmine.org/Pharmine/Coordinator/,,,,,,
http://canbygators.com/Contact.jsp?team=oscsb,,,,,,
http://dctc.edu/admissions/visit-the-college/contact-us/find-people/,,,,,,
http://pasakas.net,,,,,,
http://polentone.ru/news.shtm,,,,,,
http://lepdata.org/monteiro/people.html,,,,,,
http://hepatos.hr,,,,,,
http://zhildom.ru,,,,,,
http://amadorcountynews.org,,,,,,
http://broomfieldparkmedicalcentre.co.uk,,,,,,
http://dctc.edu/admissions/visit-the-college/contact-us/find-people/,,,,,,
http://webprofessionaljobs.com/join-webprofessionals-org,,,,,,
http://3ref.com,,,,,,
http://medicalabortionconsortium.org/what-we-are.html,,,,,,
http://sehaonline.com,,,,,,
http://bazhua.org,,,,,,
http://lepdata.org/monteiro/people.html,,,,,,
http://townsendletter.com/conferencecalendar.htm,,,,,,
http://djpromoking.com/modelfashion/,,,,,,
http://bcmets.org/archive/2014/1,,,,,,
http://aafp.org,,,,,,
http://huntingdon.edu/aboutStaff.aspx,,,,,,
http://semantelli.com/pharma/contact,,,,,,
http://skally.net/hudgins/,,,,,,
http://csctigersharks.org,,,,,,
http://krovstvo-kos.com,,,,,,
http://medportal.ru/about/,,,,,,
http://phoenixrising.me,,,,,,
http://dctc.edu/admissions/visit-the-college/contact-us/find-people/,,,,,,
http://timesunion.com/help/,,,,,,
http://medicalwholesale.com/request_password.asp?sc_id=,,,,,,
http://yousaytoo.com/users,,,,,,
http://modrykocour.cz/kockogalerie-stranka.php,,,,,,
http://pinkribbon.info,,,,,,
http://discovermagazine.com/readerservices,,,,,,
http://hidebox.org,,,,,,
http://uscma.org/contacto/,,,,,,
http://trap.it/about,,,,,,
http://sacfs.asn.au,,,,,,
http://huntingdon.edu/aboutStaff.aspx,,,,,,
http://msbmoran.com,,,,,,
http://equilibrio.com.au,,,,,,
http://waterfixers.com/contactus.html,,,,,,
http://hidebox.org/mail/have-trouble-threading-a-needle-and-the-right-way-to-eat-humor-1490370495,,,,,,
http://indiabiotech.in/Join-Us-For-Training-Research-Project-Biotech.htm,,,,,,
http://skepticalcommunity.com/cornfield/,,,,,,
http://huntingdon.edu/aboutStaff.aspx,,,,,,
http://wnem.com/category/208683/news,,,,,,
http://dmes.com,,,,,,
http://medportal.ru/about/,,,,,,
http://chaunceycrandall.com,,,,,,
http://e-xecutive.ru,,,,,,
http://codulluioreste.ro/despre-mine/,,,,,,
http://aicasa.net/node/895,,,,,,
http://strokesurvivor.com,,,,,,
http://minerd.com,,,,,,
http://codeblog.com/archives/about_this_site/faq.html,,,,,,
http://tebyan-zanjan.ir/about/contactus.aspx,,,,,,
http://oocities.org/geocities-archive/2.htm,,,,,,
http://mississaugapets.com/animalshelters.html,,,,,,
http://slimbedrijvenvinden.nl/?q=&c=Amsterdam,,,,,,
http://nwgsonline.com/why-nwgs/our-team,,,,,,
http://rytmserca.org.pl/_pages/_constant/ludzie.htm,,,,,,
http://dctc.edu/admissions/visit-the-college/contact-us/find-people/,,,,,,
http://revolution.com/contact-us,,,,,,
http://seriousmentalillness.net/concentrationdescription,,,,,,
http://isofthealth.com/en/Contact%20Us.aspx,,,,,,
http://weber.edu/WSUHomePage/WSU-Privacy-Statement.html,,,,,,
http://mississaugapets.com/animalshelters.html,,,,,,
http://andersonkimeinc.com/contact-us.html,,,,,,
http://fitnesstipsforlife.com,,,,,,
http://the-train-station.net,,,,,,
http://discerning-wisdom.com/ambassadors/sri_raman.aspx,,,,,,
http://upm.edu.ph,,,,,,
http://reciprocalinnervations.com,,,,,,
http://stanford.edu,,,,,,
http://dctc.edu/admissions/visit-the-college/contact-us/find-people/,,,,,,
http://driftpin.com,,,,,,
http://streamica.com,,,,,,
http://pescholars.com,,,,,,
http://adctoday.com/contact-information,,,,,,
http://hatena.ne.jp,,,,,,
http://droganews.com/chi_siamo.html,,,,,,
http://msbmoran.com/Virtual/Virtual_Staging.html,,,,,,
http://tcnhd.com/tcnhd,,,,,,
http://drdenise.org,,,,,,
http://cocaks.com/index-3.htm,,,,,,
http://vivioptalvitamins.com,,,,,,
http://mississaugapets.com/animalshelters.html,,,,,,
http://rxied.com/contact.php,,,,,,
http://tcnhd.com/tcnhd,,,,,,
http://drchiou.com,,,,,,
http://bcmets.org/archive/2014/1,,,,,,
http://tcnhd.com/tcnhd,,,,,,
http://forzackssake.org/dreambook.htm,,,,,,
http://askican.org/atglance.html,,,,,,
http://sell1on1.com,,,,,,
http://northwestarkansasaquatics.org/Contact.jsp?team=arnaa,,,,,,
http://ccgchome.org/indexE.asp,,,,,,
http://redcom.ru,,,,,,
http://umassmed.edu,,,,,,
http://ipksz.ru,,,,,,
http://doctors-4u.com,,,,,,
http://medukr.com/page/13/,,,,,,
http://huntingdon.edu/aboutStaff.aspx,,,,,,
http://newsletterunlimited.com/category/34/apparel/,,,,,,
http://timesunion.com/help/,,,,,,
http://braintalkcommunities.org,,,,,,
http://hidebox.org,,,,,,
http://trackyourplaque.com/success.aspx,,,,,,
http://fahsa.org/displaycommon.cfm?an=1&subarticlenbr=5,,,,,,
http://webeden.co.uk,,,,,,
http://envirocivil.com/environmental-organizations/,,,,,,
http://newsletterunlimited.com,,,,,,
http://socialtimes.com,,,,,,
http://ekurd.net/mismas/articles/misc2005/10/independentstate376.htm,,,,,,
http://iltasanomat.fi,,,,,,
http://medigift.com/faq.html,,,,,,
http://provisor.com.ua,,,,,,
http://lifeinnh.com/finaninvest.html,,,,,,
http://newenglandchristiancourier.info,,,,,,
http://tianliyl.com,,,,,,
http://huntingdon.edu/aboutStaff.aspx,,,,,,
http://oocities.org/geocities-archive/2.htm,,,,,,
http://doctoronplus.com,,,,,,
http://yousaytoo.com/users,,,,,,
http://thinkrabies.com,,,,,,
http://yousaytoo.com/users,,,,,,
http://agnellophysicaltherapy.com,,,,,,
http://asi-wi.com/contact_us,,,,,,
http://newscred.com/theacademy,,,,,,
http://marylousheaddmd.com/contact_us.htm,,,,,,
http://mtmsal.com/EducationResources.html,,,,,,
http://dctc.edu/admissions/visit-the-college/contact-us/find-people/,,,,,,
http://pinkribbonblues.org/the-book/,,,,,,
http://grahamschoolofnursing.org/VisitUs/,,,,,,
http://7233196.ir,,,,,,
http://oregonhunger.org/donate,,,,,,
http://oasiswomancenter.org,,,,,,
http://dctc.edu/admissions/visit-the-college/contact-us/find-people/,,,,,,
http://mesamedicalgroup.com/ContactMESA.aspx,,,,,,
http://siniorita.ru/doc_6.htm,,,,,,
http://olympianswimclub.com/Contact.jsp?team=canosc,,,,,,
http://asem.org.au/index.php/council,,,,,,
http://phystech.edu,,,,,,
http://worldtraining.net/miss.html,,,,,,
http://malefitness.net/advertise.html,,,,,,
http://skepticalcommunity.com/cornfield/,,,,,,
http://pharmine.org/Pharmine/Executive_director/,,,,,,
http://shadi-irani.com,,,,,,
http://events4healthcare.com/E4H_News.html,,,,,,
http://z6mag.com/about-z6,,,,,,
http://bensfriends.org,,,,,,
http://smartypantsvitamins.com/contact-us/,,,,,,
http://covivia.com/index.php?vMenu=31_37&vOptions=bulletins,,,,,,
http://andersondentalgroup.com,,,,,,
http://psychrights.org/opening.htm,,,,,,
http://boachance.org,,,,,,
http://abc.se/medlemsformaneri.html,,,,,,
http://dctc.edu/admissions/visit-the-college/contact-us/find-people/,,,,,,
http://wfla.com,,,,,,
http://lifegenki.com,,,,,,
http://boachance.org,,,,,,
http://iltasanomat.fi,,,,,,
http://yousaytoo.com/users,,,,,,
http://pcdistrict.com,,,,,,
http://klab.lv,,,,,,
http://oxelhans.com,,,,,,
http://southtownspt.com,,,,,,
http://medicareadvocacy.org/?page_id=73,,,,,,
http://elrincondesisifo.es/about/,,,,,,
http://huntingdon.edu/aboutStaff.aspx,,,,,,
http://kidneycancerknol.com,,,,,,
http://oocities.org/geocities-archive/3.htm,,,,,,
http://asklisaanne.com,,,,,,
http://pacificartsds.com,,,,,,
http://thepoultrysite.com/marketing/,,,,,,
http://arcticptandrehab.com,,,,,,
http://knowledgespeak.com/contact.asp,,,,,,
http://amuc.org.uk/?page_id=2189,,,,,,
http://newenglandchristiancourier.info,,,,,,
http://asem.org.au/index.php/council,,,,,,
http://huntingdon.edu/aboutStaff.aspx,,,,,,
http://droganews.com,,,,,,
http://pharmaconf.com/corporate/careers.cfm,,,,,,
http://budzdor.com/about/,,,,,,
http://aksumabyssinians.com/kittens.html,,,,,,
http://evms.edu/about_evms/directory/,,,,,,
http://websitelibrary.com/makemytrip.com,,,,,,
http://talkhealthpartnership.com,,,,,,
http://gpasg.co.uk/about_us.htm,,,,,,
http://dctc.edu/admissions/visit-the-college/contact-us/find-people/,,,,,,
http://forzackssake.org/dreambook.htm,,,,,,
http://medical-health-news.net,,,,,,
http://umass.edu,,,,,,
http://ga-international.com/GA%20INTERNATIONAL/GA%20International%20website/US/index-US.html,,,,,,
http://adctoday.com/contact-information,,,,,,
http://rx-line.com/contact.html,,,,,,
http://wearechange.si,,,,,,
http://feb.nu,,,,,,
http://hivconnect.com/feedback/new?kind=site_suggestion,,,,,,
http://ekstrabladet.dk,,,,,,
http://oocities.org/geocities-archive/1.htm,,,,,,
http://huntingdon.edu/aboutStaff.aspx,,,,,,
http://cartilage.org.uk/problems_articular_cartilage.php,,,,,,
http://xn--sthetikundstil-4hb.at/index.php/topmenu/adressensuche.html,,,,,,
http://bcmets.org/archive/2014/1,,,,,,
http://buyersline.com.tw,,,,,,
http://dctc.edu/admissions/visit-the-college/contact-us/find-people/,,,,,,
http://mbird.com,,,,,,
http://huntingdon.edu/aboutStaff.aspx,,,,,,
http://vestnik-news.com,,,,,,
http://medzone.ru,,,,,,
http://ezdravje.com,,,,,,
http://dagbladet.no,,,,,,
http://kcentv.com,,,,,,
http://unh.edu/main/administrative-units,,,,,,
http://oocities.org/geocities-archive/1.htm,,,,,,
http://bcmets.org/archive/2014/1,,,,,,
http://augis.org/about_us/about_us.htm,,,,,,
http://northwestarkansasaquatics.org/Contact.jsp?team=arnaa,,,,,,
http://deafhh.net/wp/?paged=2,,,,,,
http://canhealth.com/events/,,,,,,
http://drmicozzi.com,,,,,,
http://pulmonaryfibrosis.org/contact,,,,,,
http://wect.tv,,,,,,
http://sistertosister.org,,,,,,
http://thelifeledger.com,,,,,,
http://dctc.edu/admissions/visit-the-college/contact-us/find-people/,,,,,,
http://townsendletter.com/conferencecalendar.htm,,,,,,
http://wantingwhatyouhave.com/about-us,,,,,,
http://hypnos.co.uk/kougue29.html,,,,,,
http://dctc.edu,,,,,,
http://swissestetix.ch,,,,,,
http://nwgsonline.com/why-nwgs/our-team,,,,,,
http://flemingeurope.com,,,,,,
http://ekurd.net/mismas/articles/misc2005/10/independentstate376.htm,,,,,,
http://isdoctor.ru/article.htm,,,,,,
http://doctorsreadytoheal.com,,,,,,
http://amu.edu.pl/kontakt,,,,,,
http://radiantskinclinic.com/resources/category/policies-procedures/,,,,,,
http://psykologtjenester.no/page4-partnervold.html,,,,,,
http://visindavefur.is,,,,,,
http://adhesions.us,,,,,,
http://alstdi.org,,,,,,
http://ayhouse.co.kr/client01.html?ptype=view&idx=5333,,,,,,
http://devicespace.com,,,,,,
http://huntingdon.edu/aboutStaff.aspx,,,,,,
http://huntingdon.edu/aboutStaff.aspx,,,,,,
http://consumerhealthresources.com/aboutus.html,,,,,,
http://dctc.edu/admissions/visit-the-college/contact-us/find-people/,,,,,,
http://bcmets.org/archive/2014/2,,,,,,
http://moscowuniversityclub.ru/home.asp?artId=3,,,,,,
http://drchiou.com,,,,,,
http://huntingdon.edu/aboutStaff.aspx,,,,,,
http://hersheyhomes.biz,,,,,,
http://steelmanclinic.com/pages/contact-us.php,,,,,,
http://slimbedrijvenvinden.nl/?q=&c=Amsterdam,,,,,,
http://marcumllp.com,,,,,,
http://specialspecies.com/Tools%20and%20Resources/index.htm,,,,,,
http://sacfs.asn.au,,,,,,
http://ordinacija.hr,,,,,,
http://m-alliance.org.uk,,,,,,
http://huntingdon.edu/aboutStaff.aspx,,,,,,
http://bradfordcountymanor.org/Contact-Us.html,,,,,,
http://jeqq.com,,,,,,
http://wect.tv/category/231700/politics,,,,,,
https://northseattle.edu/programs/watch-technology-institute,,,,,,
http://spox.ru/plugins/page/index.php?id=11122,,,,,,
http://dctc.edu/admissions/visit-the-college/contact-us/find-people/,,,,,,
http://techimo.com,,,,,,
http://bcmets.org/archive/2014/2,,,,,,
http://streamica.com,,,,,,
http://upm.edu.ph,,,,,,
http://texmed.net/PracticeHelp,,,,,,
http://kindredefp.net/contact-us/,,,,,,
http://themonthly.com/contest-specs.html,,,,,,
http://abeceder.net/login.php,,,,,,
http://schizophreniawatch.co.uk,,,,,,
http://replacetheruc.net,,,,,,
http://strokesurvivor.com,,,,,,
http://bcmets.org/archive/2014/1,,,,,,
http://e-healthgr.com,,,,,,
http://medicalprotection.org/hongkong,,,,,,
http://assh.org/Pages/ContactUs.aspx,,,,,,
http://huntingdon.edu/aboutStaff.aspx,,,,,,
http://viet-ama.org,,,,,,
http://xn----btbetb7bdampt0k.xn--p1ai,,,,,,
http://aufoundation.org/donate.html,,,,,,
http://yousaytoo.com/users,,,,,,
http://vancouverswimclub.com/Contact.jsp?team=vsc,,,,,,
http://essaystar.com/About_03.html,,,,,,
http://forzackssake.org/dreambook.htm,,,,,,
http://boachance.org,,,,,,
http://pravaya.ru,,,,,,
http://curecabinet.com,,,,,,
http://audifono.net,,,,,,
http://newscred.com,,,,,,
http://lallicareclinic.ca/ask_an_expert.html,,,,,,
http://ibsschool.net/index_th.html,,,,,,
http://rx.st,,,,,,
http://elnsmasterclass.com,,,,,,
http://ladyvladimir.ru,,,,,,
http://alzheimer-forschung.de,,,,,,
http://doctorsreadytoheal.com,,,,,,
http://bcmets.org/archive/2014/2,,,,,,
http://breastcancerconsortium.net/about/announcing-the-breast-cancer-consortium/,,,,,,
http://theihk.org/useful-links.php,,,,,,
http://dctc.edu/admissions/visit-the-college/contact-us/find-people/,,,,,,
http://dctc.edu/admissions/visit-the-college/contact-us/find-people/,,,,,,
http://forzackssake.org/dreambook.htm,,,,,,
http://iguanaswimming.org/Contact.jsp?team=iligsc,,,,,,
http://dagensmedicin.dk/kontakt-os/,,,,,,
http://bcmets.org/archive/2014/1,,,,,,
http://mattecheck.com/about-us/our-team/,,,,,,
http://starenie.ru/kontakti/index.php,,,,,,
http://events4healthcare.com,,,,,,
http://starsirodzice.pl/kontakt,,,,,,
http://polentone.ru/sc.shtm,,,,,,
http://bcmets.org/archive/2014/1,,,,,,
http://bringoutknockout-beauty.com/FAQ.html,,,,,,
http://rismedia.com/about-us/our-team/,,,,,,
http://bcmets.org/archive/2014/2,,,,,,
http://neomedia.info/kontakt,,,,,,
http://canbygators.com/Contact.jsp?team=oscsb,,,,,,
http://fysiocentrumheesch.nl,,,,,,
http://dctc.edu/admissions/visit-the-college/contact-us/find-people/,,,,,,
http://thehearinggroupusa.com/contact-location/,,,,,,
http://dctc.edu/admissions/visit-the-college/contact-us/find-people/,,,,,,
http://bcmets.org/archive/2014/2,,,,,,
http://dctc.edu/admissions/visit-the-college/contact-us/find-people/,,,,,,
http://adctoday.com/contact-information,,,,,,
http://efccy.org/ContactUs.asp,,,,,,
http://bcmets.org/archive/2014/2,,,,,,
http://tcnhd.com,,,,,,
http://winchesterschools.net/vnews/display.v?page=vlist_signup,,,,,,
http://dentalcare.cz,,,,,,
http://biorf.ru/catalog.aspx?cat_id=132,,,,,,
http://dctc.edu/admissions/visit-the-college/contact-us/find-people/,,,,,,
http://mlive.com,,,,,,
http://psihologie.ro/index.php/category/s12-formare/c40-formari-in-alte-orase,,,,,,
http://gmu.ac.ae,,,,,,
http://tcnhd.com,,,,,,
http://a1126.org,,,,,,
http://drmorgancamp.com/contact-dr-morgan-camp/,,,,,,
http://utscccc.com,,,,,,
http://bcmets.org/archive/2014/1,,,,,,
http://nsta.org,,,,,,
http://covivia.com,,,,,,
http://martialtalk.com/modteam,,,,,,
http://northwestarkansasaquatics.org/Contact.jsp?team=arnaa,,,,,,
http://gcsu.edu/studentlife/index.htm,,,,,,
http://oocities.org/geocities-archive/1.htm,,,,,,
http://medimexicooptions.com,,,,,,
http://mississaugapets.com/animalshelters.html,,,,,,
http://fico.be,,,,,,
http://gurzuf.com/phpe,,,,,,
http://carolinasnaturalhealth.com,,,,,,
http://pulpnature.com,,,,,,
http://dctc.edu/admissions/visit-the-college/contact-us/find-people/,,,,,,
http://iibig.com/contact.html,,,,,,
http://americanownews.com/category/219165/ask-our-experts,,,,,,
http://z6mag.com/about-z6,,,,,,
http://maxiaud.com.br,,,,,,
http://boitano.net,,,,,,
http://bcmets.org/archive/2014/2,,,,,,
http://washingtonpost.com/local,,,,,,
http://margotbworldnews.com,,,,,,
http://mattecheck.com/about-us/our-team/,,,,,,
http://njcitizenaction.org,,,,,,
http://trialreach.com/trialmanager/,,,,,,
http://dctc.edu/admissions/visit-the-college/contact-us/find-people/,,,,,,
http://medbeats.net,,,,,,
http://asem.org.au,,,,,,
http://online-offline.ru/vse-chto-izvestno-pro-lechenie-bolezni-raka/,,,,,,
http://abernales.com,,,,,,
http://newsletterunlimited.com,,,,,,
http://upm.edu.ph,,,,,,
http://hatena.ne.jp,,,,,,
http://cabwhp.org,,,,,,
http://dctc.edu/admissions/visit-the-college/contact-us/find-people/,,,,,,
http://vancouverswimclub.com/Contact.jsp?team=vsc,,,,,,
http://healthindustry.com,,,,,,
http://kimlyle.co.za,,,,,,
http://medicalabortionconsortium.org/what-we-are.html,,,,,,
http://asi-wi.com/contact_us,,,,,,
http://dagensmedicin.dk/kontakt-os/,,,,,,
http://huntingdon.edu/aboutStaff.aspx,,,,,,
http://antidepressantsfacts.com/articles.htm,,,,,,
http://on3dprinting.com/about/,,,,,,
http://oocities.org/geocities-archive/2.htm,,,,,,
http://oocities.org/geocities-archive/1.htm,,,,,,
http://ayudapsicologica.org,,,,,,
http://cimit.org,,,,,,
http://advancedmedicals.com/ordering.html,,,,,,
http://amtec-kazan.com,,,,,,
http://greathealthcaresolutions.com/contact.htm,,,,,,
http://handstoguideyou.com/employment.html,,,,,,
http://yousaytoo.com/users,,,,,,
http://aidlenet.info,,,,,,
http://xn--80agpkdlcbvkd5n.xn--p1ai/registration,,,,,,
http://webmasterhome.cn/help/freecode.asp,,,,,,
http://bcmets.org/archive/2014/2,,,,,,
http://dctc.edu/admissions/visit-the-college/contact-us/find-people/,,,,,,
http://pafp.com/members/member.aspx?id=42,,,,,,
http://iguanaswimming.org/Contact.jsp?team=iligsc,,,,,,
http://olympianswimclub.com,,,,,,
http://imtbrowser.com/index.php?id=783,,,,,,
http://rismedia.com/about-us/our-team/,,,,,,
http://hi.is,,,,,,
http://shoplens.com,,,,,,
http://emarketer.com/About/ContactUs,,,,,,
http://martialtalk.com/modteam,,,,,,
http://verhneudinsk.ru,,,,,,
http://huntingdon.edu/aboutStaff.aspx,,,,,,
http://bcmets.org/archive/2014/3,,,,,,
http://killingkompany.com,,,,,,
http://r52.ru/redir.php?www.design.r52.ru/,,,,,,
http://phystech.edu,,,,,,
http://wbresearch.com/contactinfo.aspx,,,,,,
http://deltavilleva.biz/boating.aspx,,,,,,
http://theihk.org/useful-links.php,,,,,,
http://banett.no,,,,,,
http://tebyan-zanjan.ir/about/contactus.aspx,,,,,,
http://certifiedmedicaleducators.com,,,,,,
http://professionaldisabilityassociates.com,,,,,,
http://safaids.net,,,,,,
http://earninganaffiliateincomeonline.com/110.php,,,,,,
http://greglw.com,,,,,,
http://schoolleadership20.com/page/join-us-on-school-leadership,,,,,,
http://dctc.edu/admissions/visit-the-college/contact-us/find-people/,,,,,,
http://wikidoc.org,,,,,,
http://snap.pn/about,,,,,,
http://965kvki.com/help/,,,,,,
http://huntingdon.edu/aboutStaff.aspx,,,,,,
http://ria-ami.ru,,,,,,
http://alasbimnjournal.net/acerca-del-journal,,,,,,
http://huntington.no,,,,,,
http://agapecaringcenter.org/ContactUs.asp,,,,,,
http://hcvadvocate.org/contact.asp,,,,,,
http://nhai.net/our_plans/index.php,,,,,,
http://mississaugapets.com/animalshelters.html,,,,,,
http://rx.st,,,,,,
http://evms.edu/about_evms/directory/,,,,,,
http://healthcare-blog.com,,,,,,
http://hidebox.org,,,,,,
http://canbygators.com/Contact.jsp?team=oscsb,,,,,,
http://q1productions.com/category/blog/,,,,,,
http://iguanaswimming.org/Contact.jsp?team=iligsc,,,,,,
http://multichannel.com/content/contact-us,,,,,,
http://rismedia.com/about-us/our-team/,,,,,,
http://chronic-myeloid-leukemia.com/educational-events.html,,,,,,
http://wafb9.com/category/4769/wbxh-tv,,,,,,
http://wrightnewsletter.com,,,,,,
http://northwestarkansasaquatics.org/Contact.jsp?team=arnaa,,,,,,
http://neomedia.info/kontakt,,,,,,
http://murmanmed.ru,,,,,,
http://dctc.edu/admissions/visit-the-college/contact-us/find-people/,,,,,,
http://ebcg.biz/contact-us/,,,,,,
http://dctc.edu/admissions/visit-the-college/contact-us/find-people/,,,,,,
http://supermama.lt,,,,,,
http://huntingdon.edu/aboutStaff.aspx,,,,,,
http://hidebox.org,,,,,,
http://pharmcanadainc.com/contactus.php?c=9,,,,,,
http://envirocivil.com/environmental-organizations/,,,,,,
http://formefirst.com,,,,,,
http://bcmets.org/archive/2014/1,,,,,,
http://bcmets.org/archive/2014/2,,,,,,
http://965kvki.com/help/,,,,,,
http://wncn.com/category/259486/at-your-service,,,,,,
http://pointlomapdgroup.net,,,,,,
http://washingtonpost.com/politics,,,,,,
http://bundlr.com/premium,,,,,,
http://r52.ru/redir.php?www.design.r52.ru/,,,,,,
http://dctc.edu/admissions/visit-the-college/contact-us/find-people/,,,,,,
http://rockitnapptural.com,,,,,,
http://dctc.edu/admissions/visit-the-college/contact-us/find-people/,,,,,,
http://saludmed.com/academico/cursos_univ.html,,,,,,
http://privacycrisis.com,,,,,,
http://bcmets.org/archive/2014/1,,,,,,
http://kirikkalesm.gov.tr,,,,,,
http://asi-wi.com/contact_us,,,,,,
http://paternitytesters.com,,,,,,
http://snpha.org/About.aspx,,,,,,
http://bcmets.org/archive/2014/3,,,,,,
http://mississaugapets.com/animalshelters.html,,,,,,
http://sdsu.edu,,,,,,
http://abilitiesme.com/en/contact/,,,,,,
http://unassistedhomebirth.com/YBYB.html,,,,,,
http://huntingdon.edu/aboutStaff.aspx,,,,,,
http://health-rights.ru,,,,,,
http://newsletterunlimited.com/category/34/apparel/,,,,,,
http://huntingdon.edu/aboutStaff.aspx,,,,,,
http://myzle.net,,,,,,
http://projectavalon.net/donation.html,,,,,,
http://theihk.org/useful-links.php,,,,,,
http://medportal.ru/about/,,,,,,
http://townsendletter.com,,,,,,
http://garibaldi-gay.com,,,,,,
http://themonthly.com/../../circulation.html,,,,,,
http://cbcn.ca/index.php?pageaction=content.page&id=58&lang=en,,,,,,
http://bcmets.org/archive/2014/1,,,,,,
http://projectavalon.net/forum4,,,,,,
http://boachance.org,,,,,,
http://pharmaconf.com/corporate/contact.cfm,,,,,,
http://oocities.org/geocities-archive/2.htm,,,,,,
http://asem.org.au/index.php/council,,,,,,
http://aandesupport.com,,,,,,
http://politiken.dk,,,,,,
http://multichannel.com/content/contact-us,,,,,,
http://ft.com,,,,,,
http://mcnc.org/btop/townhall,,,,,,
http://covivia.com,,,,,,
http://themhf.org/education/be_nice1,,,,,,
http://northwestarkansasaquatics.org/Contact.jsp?team=arnaa,,,,,,
http://shanesh.com,,,,,,
http://searchyarddog.com/askourexperts.html,,,,,,
http://huntingdon.edu/aboutStaff.aspx,,,,,,
http://washingtonpost.com/sports,,,,,,
http://timesunion.com/help/,,,,,,
http://oocities.org/geocities-archive/2.htm,,,,,,
http://cottonseed.com/Whatsnew/default.asp,,,,,,
http://scicrunch.com,,,,,,
http://irisbiotech.com/contact.html,,,,,,
http://djpromoking.com,,,,,,
http://neomedia.info/kontakt,,,,,,
http://huntingdon.edu/aboutStaff.aspx,,,,,,
http://newwork.com,,,,,,
http://bcmets.org/archive/2014/1,,,,,,
http://e-patients.net,,,,,,
http://orthonline.com.cn,,,,,,
http://vizagdoctors.com/doctors/surgeons.html,,,,,,
http://dctc.edu/admissions/visit-the-college/contact-us/find-people/,,,,,,
http://langasemineu.com/despre/,,,,,,
http://huntingdon.edu/aboutStaff.aspx,,,,,,
http://alaskadispatch.com/article/20140317/king-cove-cold-bay-road-controversy-reignited-father-son-evacuated-same-day,,,,,,
http://britishinfection.org/drupal/content/contact-us,,,,,,
http://olympianswimclub.com/Contact.jsp?team=canosc,,,,,,
http://webserverinfo.com,,,,,,
http://kigalitoday.com/spip.php?rubrique24,,,,,,
http://mtmsal.com/AboutUs.html,,,,,,
http://mediacoco.com,,,,,,
http://dctc.edu/admissions/visit-the-college/contact-us/find-people/,,,,,,
http://neomedia.info/kontakt,,,,,,
