Domain,Primary Email
www.artbrokerage.com,20140313eajaa@artbrokerage.com
www.quiz-creator.com,accountmethodloginactionemailguest@quiz-creator.com
catavino.net,advertise@catavino.net
advisors.berkleemusicblogs.com,advisors@berkleemusic.com
www.americanscientist.org,ahrefmailtosubmissions@amscionline.org
blog.bemyapp.com,alexandre@bemyapp.com
www.pharmabiz.com,anarchos3@hotmail.com
newsflash.iusd.org,application@ipsfacademy.org
www.survivingnjapan.com,ashley@survivingnjapan.com
wilton.dailyvoice.com,asmith@dailyvoice.com
fairfield.dailyvoice.com,asmith@dailyvoice.com
www.hackeducation.com,audrey.watters@gmail.com
pianoadventures.com,australianpiano@halleonard.com.au
www.moosylvania.com,began@autotrader.com
www.binaryoptions.net,binaryoptionsnet@gmail.com
forum.artcam.com,board@phpbb.com
www.vantagemedia.com,careers@vantagemedia.com
www.chinese-tools.com,caroline@orientaltraveller.com
1776dc.com,challengecup@1776dc.com
lawmarketing.com,cindy@lawmarketing.com
blog.salisburypost.com,circ@salisburypost.com
leadnet.org,client.care@leadnet.org
credit.org,clienthelp@credit.org
www.cogmap.com,cogmap@cogmap.com
contractingbusiness.com,connie.conklin@penton.com
healthymamainfo.com,contact@erecipecards.com
www.aacc.net,contactmemberservices@aacc.net
www.fresherslive.com,contactus@fresherslive.com
www.ptk.org,courtney.taylor@ptk.org
www.net-temps.com,crossroads@net-temps.com
cs.thomsonreuters.com,cs.accountsreceivable@thomsonreuters.com
www.freakyfreddies.com,deals@getcouponcodes.com
socialhospitality.com,debbie@socialhospitality.com
www.alert-online.com,demos@alert-online.com
www.structuretech1.com,derickson@structuretech1.com
iava.org,development@iava.org
www.learninghouse.com,djohnsen@learninghouse.com
www.drivers.com,drivers@drivers.com
www.medbridgeeducation.com,drmillett@medbridgeeducation.com
www.watershedpost.com,editor@watershedpost.com
www.bjcp.org,educationdirector@bjcp.org
www.elizabethesther.com,elizabeth@elizabethesther.com
administration.academickeys.com,emailus@academickeys.com
busy-mommy.com,emily@busy-mommy.com
royalbaloo.com,erin@royalbaloo.com
www.abmp.com,expectmore@abmp.com
blog.noellevitz.com,galen-graber@noellevitz.com
gradschools.careereco.net,gayleo@careereco.com
auctiva.com,help@auctiva.com
grumomedia.com,hola@grumomedia.com
archive.episcopalchurch.org,images@episcopalchurch.org
www.axzm.com,info@axzm.com
cbldf.org,info@cbldf.org
www.cityslick.net,info@cityslick.net
www.doublepositive.com,info@doublepositive.com
www.eyeflow.com,info@eyeflow.com
www.fee.org,info@fee.org
www.forexlive.com,info@forexlive.com
www.houses.com,info@houses.com
iaomt.org,info@iaomt.org
www.iftf.org,info@iftf.org
oceanbeachbulletin.com,info@oceanbeachbulletin.com
www.rainn.org,info@rainn.org
www.science4us.com,info@science4us.com
www.skollfoundation.org,info@skollfoundation.org
www.spydertrap.com,info@spydertrap.com
blog.studentadvisor.com,info@studentadvisor.com
thedma.org,info@the-dma.org
tribehr.com,info@tribehr.com
www.xtremelashes.com,info@xtremelashes.com
www.zemanta.com,info@zemanta.com
infocus.emc.com,infocus@emc.com
www.irex.org,irex@irex.org
handsonaswegrow.com,jamie@handsonaswegrow.com
thehappyhousewife.com,jenn@thehappyhousewife.com
www.mednet-tech.com,jobs.hr@mednet-tech.com
jobs.euractiv.com,jobsite@euractiv.com
kalw.org,kalw@kalw.org
safesoundfamily.com,ken@safesoundfamily.com
www.moderntokyotimes.com,leejay@moderntokyotimes.com
cup.linguistlist.org,legalservices@cambridge.org
www.talkradionews.com,luke@talkradionews.com
www.yogatrail.com,mail@yogatrail.com
blog.myworld2015.org,maria.fare@undp.org
media.floridarealtors.org,marlam@floridarealtors.org
repcapitalmedia.com,me@repcapitalmedia.com
www.meirc.com,meirc@meirc.com
midwest.construction.com,midwestconstruction@mhfi.com
blog.controlgroup.com,moglesbee@controlgroup.com
thinkingmachine.pbworks.com,montgomery.karen@att.net
www.malaysia-today.net,mt.member.register@gmail.com
www.womensbiblecafe.com,mylifeverse@gmail.com
cleblog.nbi-sems.com,nbicleblog@nbi-sems.com
www.newlycrunchymamaof3.com,newlycrunchymamaof3@gmail.com
www.mormonnewsroom.org,newsmedia@ldschurch.org
en.dailysocial.net,permanent@dewanstudio.com
blog.k12.com,privacy@k12.com
jobs.techwhirl.com,privacy@techwhirl.com
www.aquascapeinc.com,products@aquascapeinc.com
www.professays.com,provided@professays.com
www.drugstorenews.com,reder@lf.com
kb.greengeeks.com,request@greengeeks.com
www.shoptab.net,reviews@bizrate.com
thistimeimeanit.com,scott@scottqmarcus.com
www.kuali.org,security@kuali.org
thecripplegate.com,seminoid@clintarcher.com
americanpublicmedia.iapplicants.com,server@americanpublicmedia.iapplicants.com
rightstartups.com,server@rightstartups.com
locationindependent.com,site@locationindependent.com
pacificnorthwest.sla.org,sla-cpnw@sla.lyris.net
blog.dentalplans.com,socialmedia@dentalplans.com
opob.edublogs.org,someone@mydomain.com
www.mba.com,store@mba.com
www.roadtechs.com,stuff@roadtechs.com
www.sunscholars.com,sunscholars@gmail.com
www.bestcustomwriting.com,support@bestcustomwriting.com
chitika.com,support@chitika.com
www.dellchallenge.org,support@goverb.com
www.magnapubs.com,support@magnapubs.com
www.mathgametime.com,support@mathgametime.com
op4g.com,support@op4g.com
blog.readyforzero.com,support@readyforzero.com
abnormalreturns.com,tadas@abnormalreturns.com
www.childrensnational.org,tbear@childrensnational.org
www.stpaulrealestateblog.com,teresa@tboardman.com
panopto.com,uk@panopto.com
latintrade.com,vgonzalez@latintrade.com
www.asis.org,webmaster@asis.org
www.tgslc.org,webmaster@tgslc.org
www.focusorganic.com,website@kimdarwaza.com
www.forexblog.org,william@forexblog.org
www.jasonhartman.com,you@jasonhartman.com
