URL to Score,PR,MOZ Rank,Authority,Alexa
,,,,
http://www.ecotravellerguide.com/2013/02/ecolodge.china.recipe.success/,,,,
http://www.coffeewineandyoga.com/blog/1597,,,,
http://www.travelmindset.com/social.influencers/233,,,,
www.slaint.com,,,,
http://www.chasingtheunexpected.com/published.articles/,,,,
http://marocmama.com/2014/10/10.tips.women.visiting.morocco.html,,,,
http://m.news24.com/Traveller/Explore/WeekendEscapes/Five.Independent.boutique.hotels.to.try.in.SA.20141113,,,,
http://www.solitarywanderer.com/,,,,
http://journeywonders.com/first.world.travel.privilege.mean/,,,,
http://greenglobaltravel.com/2014/11/16/responsible.horseback.riding.tours/,,,,
oneweirdglobe.com,,,,
http://www.aussieontheroad.com/haunting.resort.ebola.victims/,,,,
http://elitedaily.com/envision/10.of.the.worlds.cheapest.countries.to.travel.to/663497/,,,,
http://wanderlusters.com/preparing.hike.tongariro.alpine.crossing/,,,,
www.majesticcontent.com,,,,
http://www.wanderlustwonder.com/published/,,,,
http://gogirlguides.com/budget.travel/aruba.on.a.budget/,,,,
http://www.flightnetwork.com/blog/bull.meets.girl/,,,,
http://www.chantae.com/2014/09/27/worst.thing.indonesia.trash.problem/,,,,
http://www.bootsnall.com/articles/13.04/travel.transforms.teenager.html,,,,
http://thoughtcatalog.com/yara.coelho/2013/12/7.reasons.why.you.should.travel.alone.at.least.once.in.your.life/,,,,
http://traveler.southernhospitalitymagazine.com/places_al.php?id=8,,,,
http://www.nomadicnotes.com/travel.blog/notes.on.taipei/,,,,
http://www.fromshorestoskylines.com/things.to.do.in.ubud.bali/,,,,
http://twenty.somethingtravel.com/2014/04/simple.ways.make.travel.cheaper.japan/,,,,
www.davestravelpages.com/stanforth.kibo.expedition.bicycle.html/,,,,
http://www.gettingstamped.com/2014/11/30/drunk.on.colour.tour.trip.journal.morocco/,,,,
http://travelblog.viator.com/nairobi.one.day/,,,,
http://blog.trekaroo.com/top.ten.things.families.tampa.bay/,,,,
http://www.apassionandapassport.com/2014/06/where.to.eat.in.philly.html,,,,
http://www.travelingwithmj.com/2014/10/hotel.review.cherrywood.bed.breakfast.yakima/,,,,
http://www.besudesuabroad.com/2014/12/christkindlmarket.chicago/,,,,
http://www.pointsandtravel.com/georgias.golden.oldies.st.simons.island/,,,,
http://www.hostelworld.com/blog/6-things-you-learn-about-yourself-from-staying-in-hostels/157939,,,,
http://www.jakpost.travel/news/five-reasons-why-the-togean-islands-are-the-budget-maldives-bj32tFU8SAdOVBLE.html,,,,
http://magazine.lifeafterstudyabroad.com/5-reasons-why-every-study-abroad-alumni-should-volunteer-abroad,,,,
http://matadornetwork.com/notebook/travel-writer-just-means-broke-lonely/,,,,
http://www.news.com.au/travel/travel-ideas/car-rental-workers-reveal-the-strangest-juiciest-and-craziest-things-that-happen-at-the-rental-desk/story-fnjpudur-1226830276844,,,,
http://theworldonmynecklace.com,,,,
http://www.vagabundomagazine.com/misadventures-backcountry/,,,,
http://aroundtheworldinktdays.com,,,,
http://www.eatsleepliveecuador.com/ecuador-top-travel-spot/,,,,
http://turkishtravelblog.com/santa-claus/,,,,
http://traveldeepandwide.com/lake-chapala-malecon-us-media-isnt-telling/,,,,
http://cooksipgo.com/10-tips-planning-travel-africa/,,,,
http://wild-about-travel.com/2013/12/where-to-go-2014-seven-inspiring-places-travel/,,,,
http://www.travelwithamate.com/its-all-about-the-people/,,,,
http://artofadventuring.com/playa-del-carmen-pulsing-city-small-town-feel/,,,,
http://thekaydays.com/blog/why-studying-abroad-isnt-what-i-thought/,,,,
http://www.letbirdsflyblog.com/5-must-see-spots-columbia-river-gorge/,,,,
http://www.imaginistwriter.com,,,,
http://pvsolarreport.com/solar-farms-sharing-land/,,,,
http://www.holiday-weather.com/tenerife/,,,,
http://matadornetwork.com/nights/know-before-partying-brazil/,,,,
http://www.adrianstraveltales.com/the-perfect-day-in-brasov-because-of-tinder/,,,,
sportsinjuryanalyst.com,,,,
http://tbexcon.com/us/2014/07/16/cancun-your-jumping-off-point-for-latin-america/,,,,
http://matadornetwork.com/notebook/trip-macedonia-12-encounters/,,,,
http://matadornetwork.com/life/8-simple-ways-moment-travel/,,,,
http://www.examiner.com/list/bill-t-jones-arnie-zane-dance-company-at-columbia-college-chicago,,,,
http://listverse.com/2014/06/07/10-mythologies-centered-around-the-glory-of-beer/,,,,
http://canucksandbeyond.com/why-you-should-visit-new-zealand/,,,,
http://departmentofwandering.com/lake-garda-italy/,,,,
www.letterstomyfriendsbackhome.com,,,,
http://www.bbc.com/travel/feature/20141020-irelands-last-seaweed-spas,,,,
http://matadornetwork.com/bnt/changing-jobs-often-can-actually-good-thing/,,,,
http://www.endlesslychanginghorizon.com/why-we-chose-to-move-to-the-uk/,,,,
http://myblackjourney.com/topiary-gardens-by-a-man-named-pearl/,,,,
http://www.nakedmadrid.com/2014/11/28/madrids-best-christmas-markets-2014/,,,,
http://www.aworldtotravel.com/yala-national-park-wildlife-nature/,,,,
http://matadornetwork.com/abroad/10-things-miss-terribly-galicia-spain/,,,,
http://bbc.com/travel/feature/20140821-cycling-detroit-makes-too-much-sense-to-ignore/,,,,
http://matadornetwork.com/life/7-things-small-town-life-taught-survive-big-city/,,,,
http://greece.greekreporter.com/2014/04/13/why-greece-will-always-be-my-first-love/,,,,
http://matadornetwork.com/author/alicelatham/,,,,
bitesofseoul.tumblr.com,,,,
http://songsaboutspain.wordpress.com,,,,
http://elyssagarrett.com,,,,
http://www.theglobalcouple.com/trekking-kalaw-inle-lake-myanmar/,,,,
sheltyinspain2.wordpress.com,,,,
http://adaysresolution.tumblr.com/,,,,
http://suitcaselioness.wordpress.com/2014/09/25/getting-to-know-cartagena-a-tale-of-mosquitos-ocean-breezes-and-carthagineses/,,,,
http://plusultrafurtherbeyond.blogspot.com.es/2014/09/ode-to-southern-spain.html,,,,
http://www.trevorhuxham.com/2014/07/albarracin-most-beautiful-village-in.html,,,,
https://europeanexplorations.wordpress.com/2014/11/23/how-to-survive-living-in-a-hostel-for-more-than-a-week/,,,,
http://www.livingthedreamrtw.com/2014/12/afraid-of-traveling-to-india-go-to-sri.html,,,,
dinanooh.wordpress.com,,,,
www.annalisesadventure.blogspot.com,,,,
http://sofiainspain.blogspot.com,,,,
http://mollywide.blogspot.com.es/,,,,
wanderlustbridge.wordpress.com,,,,
http://www.travel-experience-live.com/crossing-north-sea-cargo-ship/,,,,
jakeinspain.wordpress.com,,,,
http://someliladventures.wordpress.com/europe/prague/,,,,
http://progressionofhappiness.com/beijing-trip-solo-doesnt-mean-alone/,,,,
http://www.adventuresaroundasia.com/2014/09/27/travel-in-china-without-speaking-chinese/,,,,
packlightly.wordpress.com,,,,
